"alias","canonicalId","canonicalUrl"
"enzyme activity / amylase","amylase","https://crust-and-crumb-tawny.vercel.app/term/amylase"
"ancient grains","ancient-grain","https://crust-and-crumb-tawny.vercel.app/term/ancient-grain"
"ash content","ash-content","https://crust-and-crumb-tawny.vercel.app/term/ash-content"
"autolyse","autolyse","https://crust-and-crumb-tawny.vercel.app/term/autolyse"
"couche","bakers-couche","https://crust-and-crumb-tawny.vercel.app/term/bakers-couche"
"baker's percentage","bakers-percentage","https://crust-and-crumb-tawny.vercel.app/term/bakers-percentage"
"baking steel / stone","baking-steel","https://crust-and-crumb-tawny.vercel.app/term/baking-steel"
"banneton","banneton","https://crust-and-crumb-tawny.vercel.app/term/banneton"
"brotform","banneton","https://crust-and-crumb-tawny.vercel.app/term/banneton"
"proofing basket","banneton","https://crust-and-crumb-tawny.vercel.app/term/banneton"
"bench knife","bench-scraper","https://crust-and-crumb-tawny.vercel.app/term/bench-scraper"
"biga","biga","https://crust-and-crumb-tawny.vercel.app/term/biga"
"bulk fermentation","bulk-fermentation","https://crust-and-crumb-tawny.vercel.app/term/bulk-fermentation"
"coil fold","coil-fold","https://crust-and-crumb-tawny.vercel.app/term/coil-fold"
"cold retard","cold-proof","https://crust-and-crumb-tawny.vercel.app/term/cold-proof"
"crumb structure","crumb","https://crust-and-crumb-tawny.vercel.app/term/crumb"
"dough temperature / DDT","desired-dough-temperature","https://crust-and-crumb-tawny.vercel.app/term/desired-dough-temperature"
"malted flour / diastatic malt","diastatic-malt","https://crust-and-crumb-tawny.vercel.app/term/diastatic-malt"
"discard","discard","https://crust-and-crumb-tawny.vercel.app/term/discard"
"dutch oven","dutch-oven","https://crust-and-crumb-tawny.vercel.app/term/dutch-oven"
"einkorn","einkorn","https://crust-and-crumb-tawny.vercel.app/term/einkorn"
"emmer / farro","farro","https://crust-and-crumb-tawny.vercel.app/term/farro"
"flying crust","flying-crust","https://crust-and-crumb-tawny.vercel.app/term/flying-crust"
"fresh milled flour","fresh-milled-flour","https://crust-and-crumb-tawny.vercel.app/term/fresh-milled-flour"
"starch gelatinization","gelatinization","https://crust-and-crumb-tawny.vercel.app/term/gelatinization"
"gluten development","gluten","https://crust-and-crumb-tawny.vercel.app/term/gluten"
"gummy crumb","gummy-crumb","https://crust-and-crumb-tawny.vercel.app/term/gummy-crumb"
"hooch","hooch","https://crust-and-crumb-tawny.vercel.app/term/hooch"
"hydration","hydration","https://crust-and-crumb-tawny.vercel.app/term/hydration"
"khorasan / kamut","khorasan-wheat","https://crust-and-crumb-tawny.vercel.app/term/khorasan-wheat"
"lame","lame","https://crust-and-crumb-tawny.vercel.app/term/lame"
"lamination","lamination","https://crust-and-crumb-tawny.vercel.app/term/lamination"
"levain","levain","https://crust-and-crumb-tawny.vercel.app/term/levain"
"lievito madre / pasta madre","lievito-madre","https://crust-and-crumb-tawny.vercel.app/term/lievito-madre"
"maillard reaction","maillard-reaction","https://crust-and-crumb-tawny.vercel.app/term/maillard-reaction"
"oven spring","oven-spring","https://crust-and-crumb-tawny.vercel.app/term/oven-spring"
"overproofed","overproofed","https://crust-and-crumb-tawny.vercel.app/term/overproofed"
"pate fermentee","pate-fermentee","https://crust-and-crumb-tawny.vercel.app/term/pate-fermentee"
"poke test","poke-test","https://crust-and-crumb-tawny.vercel.app/term/poke-test"
"poolish","poolish","https://crust-and-crumb-tawny.vercel.app/term/poolish"
"preferment","preferment","https://crust-and-crumb-tawny.vercel.app/term/preferment"
"protein content","protein-content","https://crust-and-crumb-tawny.vercel.app/term/protein-content"
"rye","rye-flour","https://crust-and-crumb-tawny.vercel.app/term/rye-flour"
"scoring","scoring","https://crust-and-crumb-tawny.vercel.app/term/scoring"
"durum / semolina","semolina-flour","https://crust-and-crumb-tawny.vercel.app/term/semolina-flour"
"shaping and preshape","shaping","https://crust-and-crumb-tawny.vercel.app/term/shaping"
"sourdough starter","sourdough-starter","https://crust-and-crumb-tawny.vercel.app/term/sourdough-starter"
"spelt","spelt-flour","https://crust-and-crumb-tawny.vercel.app/term/spelt-flour"
"stretch and fold","stretch-and-fold","https://crust-and-crumb-tawny.vercel.app/term/stretch-and-fold"
"tangzhong","tangzhong","https://crust-and-crumb-tawny.vercel.app/term/tangzhong"
"underproofed","underproofed","https://crust-and-crumb-tawny.vercel.app/term/underproofed"
"whole grain","whole-wheat-flour","https://crust-and-crumb-tawny.vercel.app/term/whole-wheat-flour"
"windowpane test","windowpane-test","https://crust-and-crumb-tawny.vercel.app/term/windowpane-test"
"yeast water","yeast-water","https://crust-and-crumb-tawny.vercel.app/term/yeast-water"
"yudane","yudane","https://crust-and-crumb-tawny.vercel.app/term/yudane"
