"candidate","canonicalName","destination","coverageStatus","action","priority","reviewRequirement"
"Aged flour","Aged Flour","https://crust-and-crumb-tawny.vercel.app/term/aged-flour","Published exact name or alias; depth not assessed","Review depth and source support; avoid duplicate entry","Unprioritized candidate backlog","Primary reference and bread-usefulness review; exact-name matching does not prove a concept gap"
"Aleurone layer","Aleurone Layer","https://crust-and-crumb-tawny.vercel.app/term/aleurone-layer","Published exact name or alias; depth not assessed","Review depth and source support; avoid duplicate entry","Unprioritized candidate backlog","Primary reference and bread-usefulness review; exact-name matching does not prove a concept gap"
"Bagger’s formula [verify intended term before use]","","","No exact name or alias; contextual coverage needs review","Clarify intended term before proposing entry","Unprioritized candidate backlog","Primary reference and bread-usefulness review; exact-name matching does not prove a concept gap"
"Bolting","Bolting","https://crust-and-crumb-tawny.vercel.app/term/bolting","Published exact name or alias; depth not assessed","Review depth and source support; avoid duplicate entry","Unprioritized candidate backlog","Primary reference and bread-usefulness review; exact-name matching does not prove a concept gap"
"Bolted flour","Bolted Flour","https://crust-and-crumb-tawny.vercel.app/term/bolted-flour","Published exact name or alias; depth not assessed","Review depth and source support; avoid duplicate entry","Unprioritized candidate backlog","Primary reference and bread-usefulness review; exact-name matching does not prove a concept gap"
"Bran","Bran","https://crust-and-crumb-tawny.vercel.app/term/bran","Published exact name or alias; depth not assessed","Review depth and source support; avoid duplicate entry","Unprioritized candidate backlog","Primary reference and bread-usefulness review; exact-name matching does not prove a concept gap"
"Bran sharpness","Bran Sharpness","https://crust-and-crumb-tawny.vercel.app/term/bran-sharpness","Published exact name or alias; depth not assessed","Review depth and source support; avoid duplicate entry","Unprioritized candidate backlog","Primary reference and bread-usefulness review; exact-name matching does not prove a concept gap"
"Bran soaker","Bran Soaker","https://crust-and-crumb-tawny.vercel.app/term/bran-soaker","Published exact name or alias; depth not assessed","Review depth and source support; avoid duplicate entry","Unprioritized candidate backlog","Primary reference and bread-usefulness review; exact-name matching does not prove a concept gap"
"Cracked grain","Cracked Grain","https://crust-and-crumb-tawny.vercel.app/term/cracked-grain","Published exact name or alias; depth not assessed","Review depth and source support; avoid duplicate entry","Unprioritized candidate backlog","Primary reference and bread-usefulness review; exact-name matching does not prove a concept gap"
"Damaged starch","Damaged Starch","https://crust-and-crumb-tawny.vercel.app/term/damaged-starch","Published exact name or alias; depth not assessed","Review depth and source support; avoid duplicate entry","Unprioritized candidate backlog","Primary reference and bread-usefulness review; exact-name matching does not prove a concept gap"
"Endosperm","Endosperm","https://crust-and-crumb-tawny.vercel.app/term/endosperm","Published exact name or alias; depth not assessed","Review depth and source support; avoid duplicate entry","Unprioritized candidate backlog","Primary reference and bread-usefulness review; exact-name matching does not prove a concept gap"
"Extraction rate","Extraction Rate","https://crust-and-crumb-tawny.vercel.app/term/extraction-rate","Published exact name or alias; depth not assessed","Review depth and source support; avoid duplicate entry","Unprioritized candidate backlog","Primary reference and bread-usefulness review; exact-name matching does not prove a concept gap"
"Flour freshness","Flour Freshness","https://crust-and-crumb-tawny.vercel.app/term/flour-freshness","Published exact name or alias; depth not assessed","Review depth and source support; avoid duplicate entry","Unprioritized candidate backlog","Primary reference and bread-usefulness review; exact-name matching does not prove a concept gap"
"Fresh-milled flour","Fresh-Milled Flour","https://crust-and-crumb-tawny.vercel.app/term/fresh-milled-flour","Published exact name or alias; depth not assessed","Review depth and source support; avoid duplicate entry","Release correction completed; broader review pending","Primary reference and bread-usefulness review; exact-name matching does not prove a concept gap"
"Freshly milled flour storage","","","No exact name or alias; contextual coverage needs review","Check contextual coverage, then propose entry or alias","Unprioritized candidate backlog","Primary reference and bread-usefulness review; exact-name matching does not prove a concept gap"
"Germ","Germ","https://crust-and-crumb-tawny.vercel.app/term/germ","Published exact name or alias; depth not assessed","Review depth and source support; avoid duplicate entry","Unprioritized candidate backlog","Primary reference and bread-usefulness review; exact-name matching does not prove a concept gap"
"Granulation","","","No exact name or alias; contextual coverage needs review","Check contextual coverage, then propose entry or alias","Unprioritized candidate backlog","Primary reference and bread-usefulness review; exact-name matching does not prove a concept gap"
"Home milling","Home Milling","https://crust-and-crumb-tawny.vercel.app/term/home-milling","Published exact name or alias; depth not assessed","Review depth and source support; avoid duplicate entry","Unprioritized candidate backlog","Primary reference and bread-usefulness review; exact-name matching does not prove a concept gap"
"Impact mill","Impact Mill","https://crust-and-crumb-tawny.vercel.app/term/impact-mill","Published exact name or alias; depth not assessed","Review depth and source support; avoid duplicate entry","Unprioritized candidate backlog","Primary reference and bread-usefulness review; exact-name matching does not prove a concept gap"
"Middlings","Middlings","https://crust-and-crumb-tawny.vercel.app/term/middlings","Published exact name or alias; depth not assessed","Review depth and source support; avoid duplicate entry","Unprioritized candidate backlog","Primary reference and bread-usefulness review; exact-name matching does not prove a concept gap"
"Milling","","","No exact name or alias; contextual coverage needs review","Check contextual coverage, then propose entry or alias","Unprioritized candidate backlog","Primary reference and bread-usefulness review; exact-name matching does not prove a concept gap"
"Milling temperature","Milling Temperature","https://crust-and-crumb-tawny.vercel.app/term/milling-temperature","Published exact name or alias; depth not assessed","Review depth and source support; avoid duplicate entry","Unprioritized candidate backlog","Primary reference and bread-usefulness review; exact-name matching does not prove a concept gap"
"Particle size","Particle Size","https://crust-and-crumb-tawny.vercel.app/term/particle-size","Published exact name or alias; depth not assessed","Review depth and source support; avoid duplicate entry","Unprioritized candidate backlog","Primary reference and bread-usefulness review; exact-name matching does not prove a concept gap"
"Sifted whole-grain flour","","","No exact name or alias; contextual coverage needs review","Check contextual coverage, then propose entry or alias","Unprioritized candidate backlog","Primary reference and bread-usefulness review; exact-name matching does not prove a concept gap"
"Stone milling","","","No exact name or alias; contextual coverage needs review","Check contextual coverage, then propose entry or alias","Unprioritized candidate backlog","Primary reference and bread-usefulness review; exact-name matching does not prove a concept gap"
"Tempering","Tempering","https://crust-and-crumb-tawny.vercel.app/term/tempering","Published exact name or alias; depth not assessed","Review depth and source support; avoid duplicate entry","Unprioritized candidate backlog","Primary reference and bread-usefulness review; exact-name matching does not prove a concept gap"
"Whole berry","","","No exact name or alias; contextual coverage needs review","Check contextual coverage, then propose entry or alias","Unprioritized candidate backlog","Primary reference and bread-usefulness review; exact-name matching does not prove a concept gap"
"Wheat berry","Wheat Berry","https://crust-and-crumb-tawny.vercel.app/term/wheat-berry","Published exact name or alias; depth not assessed","Review depth and source support; avoid duplicate entry","Unprioritized candidate backlog","Primary reference and bread-usefulness review; exact-name matching does not prove a concept gap"
"Ash content","Ash Content","https://crust-and-crumb-tawny.vercel.app/term/ash-content","Published exact name or alias; depth not assessed","Review depth and source support; avoid duplicate entry","Release correction completed; broader review pending","Primary reference and bread-usefulness review; exact-name matching does not prove a concept gap"
"Baker’s percentage","Baker's Percentage","https://crust-and-crumb-tawny.vercel.app/term/bakers-percentage","Published exact name or alias; depth not assessed","Review depth and source support; avoid duplicate entry","Unprioritized candidate backlog","Primary reference and bread-usefulness review; exact-name matching does not prove a concept gap"
"Baker’s math","","","No exact name or alias; contextual coverage needs review","Check contextual coverage, then propose entry or alias","Unprioritized candidate backlog","Primary reference and bread-usefulness review; exact-name matching does not prove a concept gap"
"Bassinage","Bassinage","https://crust-and-crumb-tawny.vercel.app/term/bassinage","Published exact name or alias; depth not assessed","Review depth and source support; avoid duplicate entry","Unprioritized candidate backlog","Primary reference and bread-usefulness review; exact-name matching does not prove a concept gap"
"Bread flour","Bread Flour","https://crust-and-crumb-tawny.vercel.app/term/bread-flour","Published exact name or alias; depth not assessed","Review depth and source support; avoid duplicate entry","Unprioritized candidate backlog","Primary reference and bread-usefulness review; exact-name matching does not prove a concept gap"
"Clear flour","Clear Flour","https://crust-and-crumb-tawny.vercel.app/term/clear-flour","Published exact name or alias; depth not assessed","Review depth and source support; avoid duplicate entry","Unprioritized candidate backlog","Primary reference and bread-usefulness review; exact-name matching does not prove a concept gap"
"Desired dough temperature","","","No exact name or alias; contextual coverage needs review","Check contextual coverage, then propose entry or alias","Unprioritized candidate backlog","Primary reference and bread-usefulness review; exact-name matching does not prove a concept gap"
"Diastatic power","","","No exact name or alias; contextual coverage needs review","Check contextual coverage, then propose entry or alias","Unprioritized candidate backlog","Primary reference and bread-usefulness review; exact-name matching does not prove a concept gap"
"Diastatic malt","","","No exact name or alias; contextual coverage needs review","Check contextual coverage, then propose entry or alias","Unprioritized candidate backlog","Primary reference and bread-usefulness review; exact-name matching does not prove a concept gap"
"Dough yield","","","No exact name or alias; contextual coverage needs review","Check contextual coverage, then propose entry or alias","Unprioritized candidate backlog","Primary reference and bread-usefulness review; exact-name matching does not prove a concept gap"
"Falling number","Falling Number","https://crust-and-crumb-tawny.vercel.app/term/falling-number","Published exact name or alias; depth not assessed","Review depth and source support; avoid duplicate entry","Unprioritized candidate backlog","Primary reference and bread-usefulness review; exact-name matching does not prove a concept gap"
"Flour strength","Flour Strength","https://crust-and-crumb-tawny.vercel.app/term/flour-strength","Published exact name or alias; depth not assessed","Review depth and source support; avoid duplicate entry","Unprioritized candidate backlog","Primary reference and bread-usefulness review; exact-name matching does not prove a concept gap"
"Friction factor","Friction Factor","https://crust-and-crumb-tawny.vercel.app/term/friction-factor","Published exact name or alias; depth not assessed","Review depth and source support; avoid duplicate entry","Unprioritized candidate backlog","Primary reference and bread-usefulness review; exact-name matching does not prove a concept gap"
"Gluten quality","Gluten Quality","https://crust-and-crumb-tawny.vercel.app/term/gluten-quality","Published exact name or alias; depth not assessed","Review depth and source support; avoid duplicate entry","Unprioritized candidate backlog","Primary reference and bread-usefulness review; exact-name matching does not prove a concept gap"
"High-extraction flour","High-Extraction Flour","https://crust-and-crumb-tawny.vercel.app/term/high-extraction-flour","Published exact name or alias; depth not assessed","Review depth and source support; avoid duplicate entry","Unprioritized candidate backlog","Primary reference and bread-usefulness review; exact-name matching does not prove a concept gap"
"Hydration","Hydration","https://crust-and-crumb-tawny.vercel.app/term/hydration","Published exact name or alias; depth not assessed","Review depth and source support; avoid duplicate entry","Unprioritized candidate backlog","Primary reference and bread-usefulness review; exact-name matching does not prove a concept gap"
"Non-diastatic malt","Non-Diastatic Malt","https://crust-and-crumb-tawny.vercel.app/term/non-diastatic-malt","Published exact name or alias; depth not assessed","Review depth and source support; avoid duplicate entry","Unprioritized candidate backlog","Primary reference and bread-usefulness review; exact-name matching does not prove a concept gap"
"P/L ratio","P/L Ratio","https://crust-and-crumb-tawny.vercel.app/term/p-l-ratio","Published exact name or alias; depth not assessed","Review depth and source support; avoid duplicate entry","Unprioritized candidate backlog","Primary reference and bread-usefulness review; exact-name matching does not prove a concept gap"
"Patent flour","Patent Flour","https://crust-and-crumb-tawny.vercel.app/term/patent-flour","Published exact name or alias; depth not assessed","Review depth and source support; avoid duplicate entry","Unprioritized candidate backlog","Primary reference and bread-usefulness review; exact-name matching does not prove a concept gap"
"Protein content","Protein Content","https://crust-and-crumb-tawny.vercel.app/term/protein-content","Published exact name or alias; depth not assessed","Review depth and source support; avoid duplicate entry","Unprioritized candidate backlog","Primary reference and bread-usefulness review; exact-name matching does not prove a concept gap"
"Protein quality","","","No exact name or alias; contextual coverage needs review","Check contextual coverage, then propose entry or alias","Unprioritized candidate backlog","Primary reference and bread-usefulness review; exact-name matching does not prove a concept gap"
"Straight-grade flour","Straight Grade Flour","https://crust-and-crumb-tawny.vercel.app/term/straight-grade-flour","Published exact name or alias; depth not assessed","Review depth and source support; avoid duplicate entry","Unprioritized candidate backlog","Primary reference and bread-usefulness review; exact-name matching does not prove a concept gap"
"Type flour","Type Flour","https://crust-and-crumb-tawny.vercel.app/term/type-flour","Published exact name or alias; depth not assessed","Review depth and source support; avoid duplicate entry","Unprioritized candidate backlog","Primary reference and bread-usefulness review; exact-name matching does not prove a concept gap"
"W value","W Value","https://crust-and-crumb-tawny.vercel.app/term/w-value","Published exact name or alias; depth not assessed","Review depth and source support; avoid duplicate entry","Unprioritized candidate backlog","Primary reference and bread-usefulness review; exact-name matching does not prove a concept gap"
"Water absorption","","","No exact name or alias; contextual coverage needs review","Check contextual coverage, then propose entry or alias","Unprioritized candidate backlog","Primary reference and bread-usefulness review; exact-name matching does not prove a concept gap"
"Ancient grain","Ancient Grain","https://crust-and-crumb-tawny.vercel.app/term/ancient-grain","Published exact name or alias; depth not assessed","Review depth and source support; avoid duplicate entry","Unprioritized candidate backlog","Primary reference and bread-usefulness review; exact-name matching does not prove a concept gap"
"Heritage grain","Heritage Grain","https://crust-and-crumb-tawny.vercel.app/term/heritage-grain","Published exact name or alias; depth not assessed","Review depth and source support; avoid duplicate entry","Unprioritized candidate backlog","Primary reference and bread-usefulness review; exact-name matching does not prove a concept gap"
"Heirloom grain","","","No exact name or alias; contextual coverage needs review","Check contextual coverage, then propose entry or alias","Unprioritized candidate backlog","Primary reference and bread-usefulness review; exact-name matching does not prove a concept gap"
"Landrace grain","Landrace Grain","https://crust-and-crumb-tawny.vercel.app/term/landrace-grain","Published exact name or alias; depth not assessed","Review depth and source support; avoid duplicate entry","Unprioritized candidate backlog","Primary reference and bread-usefulness review; exact-name matching does not prove a concept gap"
"Identity-preserved grain","Identity-Preserved Grain","https://crust-and-crumb-tawny.vercel.app/term/identity-preserved-grain","Published exact name or alias; depth not assessed","Review depth and source support; avoid duplicate entry","Unprioritized candidate backlog","Primary reference and bread-usefulness review; exact-name matching does not prove a concept gap"
"Terroir","Terroir","https://crust-and-crumb-tawny.vercel.app/term/terroir","Published exact name or alias; depth not assessed","Review depth and source support; avoid duplicate entry","Unprioritized candidate backlog","Primary reference and bread-usefulness review; exact-name matching does not prove a concept gap"
"Modern wheat","Modern Wheat","https://crust-and-crumb-tawny.vercel.app/term/modern-wheat","Published exact name or alias; depth not assessed","Review depth and source support; avoid duplicate entry","Unprioritized candidate backlog","Primary reference and bread-usefulness review; exact-name matching does not prove a concept gap"
"Bread wheat","Bread Wheat","https://crust-and-crumb-tawny.vercel.app/term/bread-wheat","Published exact name or alias; depth not assessed","Review depth and source support; avoid duplicate entry","Unprioritized candidate backlog","Primary reference and bread-usefulness review; exact-name matching does not prove a concept gap"
"Common wheat","","","No exact name or alias; contextual coverage needs review","Check contextual coverage, then propose entry or alias","Unprioritized candidate backlog","Primary reference and bread-usefulness review; exact-name matching does not prove a concept gap"
"Hard wheat","Hard Wheat","https://crust-and-crumb-tawny.vercel.app/term/hard-wheat","Published exact name or alias; depth not assessed","Review depth and source support; avoid duplicate entry","Unprioritized candidate backlog","Primary reference and bread-usefulness review; exact-name matching does not prove a concept gap"
"Soft wheat","Soft Wheat","https://crust-and-crumb-tawny.vercel.app/term/soft-wheat","Published exact name or alias; depth not assessed","Review depth and source support; avoid duplicate entry","Unprioritized candidate backlog","Primary reference and bread-usefulness review; exact-name matching does not prove a concept gap"
"Hard red winter wheat","Hard Red Winter Wheat","https://crust-and-crumb-tawny.vercel.app/term/hard-red-winter-wheat","Published exact name or alias; depth not assessed","Review depth and source support; avoid duplicate entry","Unprioritized candidate backlog","Primary reference and bread-usefulness review; exact-name matching does not prove a concept gap"
"Hard red spring wheat","Hard Red Spring Wheat","https://crust-and-crumb-tawny.vercel.app/term/hard-red-spring-wheat","Published exact name or alias; depth not assessed","Review depth and source support; avoid duplicate entry","Unprioritized candidate backlog","Primary reference and bread-usefulness review; exact-name matching does not prove a concept gap"
"hard white wheat","Hard White Wheat","https://crust-and-crumb-tawny.vercel.app/term/hard-white-wheat","Published exact name or alias; depth not assessed","Review depth and source support; avoid duplicate entry","Unprioritized candidate backlog","Primary reference and bread-usefulness review; exact-name matching does not prove a concept gap"
"soft white wheat","Soft White Wheat","https://crust-and-crumb-tawny.vercel.app/term/soft-white-wheat","Published exact name or alias; depth not assessed","Review depth and source support; avoid duplicate entry","Unprioritized candidate backlog","Primary reference and bread-usefulness review; exact-name matching does not prove a concept gap"
"Soft red winter wheat","","","No exact name or alias; contextual coverage needs review","Check contextual coverage, then propose entry or alias","Unprioritized candidate backlog","Primary reference and bread-usefulness review; exact-name matching does not prove a concept gap"
"Winter wheat","","","No exact name or alias; contextual coverage needs review","Check contextual coverage, then propose entry or alias","Unprioritized candidate backlog","Primary reference and bread-usefulness review; exact-name matching does not prove a concept gap"
"Spring wheat","","","No exact name or alias; contextual coverage needs review","Check contextual coverage, then propose entry or alias","Unprioritized candidate backlog","Primary reference and bread-usefulness review; exact-name matching does not prove a concept gap"
"Wheat class","Wheat Class","https://crust-and-crumb-tawny.vercel.app/term/wheat-class","Published exact name or alias; depth not assessed","Review depth and source support; avoid duplicate entry","Unprioritized candidate backlog","Primary reference and bread-usefulness review; exact-name matching does not prove a concept gap"
"Einkorn","Einkorn","https://crust-and-crumb-tawny.vercel.app/term/einkorn","Published exact name or alias; depth not assessed","Review depth and source support; avoid duplicate entry","Unprioritized candidate backlog","Primary reference and bread-usefulness review; exact-name matching does not prove a concept gap"
"Emmer","Emmer","https://crust-and-crumb-tawny.vercel.app/term/emmer","Published exact name or alias; depth not assessed","Review depth and source support; avoid duplicate entry","Unprioritized candidate backlog","Primary reference and bread-usefulness review; exact-name matching does not prove a concept gap"
"Farro","Farro","https://crust-and-crumb-tawny.vercel.app/term/farro","Published exact name or alias; depth not assessed","Review depth and source support; avoid duplicate entry","Unprioritized candidate backlog","Primary reference and bread-usefulness review; exact-name matching does not prove a concept gap"
"Spelt","Spelt Flour","https://crust-and-crumb-tawny.vercel.app/term/spelt-flour","Published exact name or alias; depth not assessed","Review depth and source support; avoid duplicate entry","Unprioritized candidate backlog","Primary reference and bread-usefulness review; exact-name matching does not prove a concept gap"
"Khorasan wheat","Khorasan Wheat","https://crust-and-crumb-tawny.vercel.app/term/khorasan-wheat","Published exact name or alias; depth not assessed","Review depth and source support; avoid duplicate entry","Unprioritized candidate backlog","Primary reference and bread-usefulness review; exact-name matching does not prove a concept gap"
"KAMUT® brand khorasan wheat","","","No exact name or alias; contextual coverage needs review","Check contextual coverage, then propose entry or alias","Unprioritized candidate backlog","Primary reference and bread-usefulness review; exact-name matching does not prove a concept gap"
"Durum wheat","Durum Wheat","https://crust-and-crumb-tawny.vercel.app/term/durum-wheat","Published exact name or alias; depth not assessed","Review depth and source support; avoid duplicate entry","Unprioritized candidate backlog","Primary reference and bread-usefulness review; exact-name matching does not prove a concept gap"
"Semolina","","","No exact name or alias; contextual coverage needs review","Check contextual coverage, then propose entry or alias","Unprioritized candidate backlog","Primary reference and bread-usefulness review; exact-name matching does not prove a concept gap"
"Triticale","Triticale","https://crust-and-crumb-tawny.vercel.app/term/triticale","Published exact name or alias; depth not assessed","Review depth and source support; avoid duplicate entry","Unprioritized candidate backlog","Primary reference and bread-usefulness review; exact-name matching does not prove a concept gap"
"Red Fife","Red Fife","https://crust-and-crumb-tawny.vercel.app/term/red-fife","Published exact name or alias; depth not assessed","Review depth and source support; avoid duplicate entry","Unprioritized candidate backlog","Primary reference and bread-usefulness review; exact-name matching does not prove a concept gap"
"Turkey Red","Turkey Red","https://crust-and-crumb-tawny.vercel.app/term/turkey-red","Published exact name or alias; depth not assessed","Review depth and source support; avoid duplicate entry","Unprioritized candidate backlog","Primary reference and bread-usefulness review; exact-name matching does not prove a concept gap"
"Sonora wheat","Sonora Wheat","https://crust-and-crumb-tawny.vercel.app/term/sonora-wheat","Published exact name or alias; depth not assessed","Review depth and source support; avoid duplicate entry","Unprioritized candidate backlog","Primary reference and bread-usefulness review; exact-name matching does not prove a concept gap"
"Rouge de Bordeaux","Rouge de Bordeaux","https://crust-and-crumb-tawny.vercel.app/term/rouge-de-bordeaux","Published exact name or alias; depth not assessed","Review depth and source support; avoid duplicate entry","Unprioritized candidate backlog","Primary reference and bread-usefulness review; exact-name matching does not prove a concept gap"
"Marquis wheat","Marquis Wheat","https://crust-and-crumb-tawny.vercel.app/term/marquis-wheat","Published exact name or alias; depth not assessed","Review depth and source support; avoid duplicate entry","Unprioritized candidate backlog","Primary reference and bread-usefulness review; exact-name matching does not prove a concept gap"
"Rye","Rye Flour","https://crust-and-crumb-tawny.vercel.app/term/rye-flour","Published exact name or alias; depth not assessed","Review depth and source support; avoid duplicate entry","Unprioritized candidate backlog","Primary reference and bread-usefulness review; exact-name matching does not prove a concept gap"
"Rye sour","","","No exact name or alias; contextual coverage needs review","Check contextual coverage, then propose entry or alias","Unprioritized candidate backlog","Primary reference and bread-usefulness review; exact-name matching does not prove a concept gap"
"Rye flour","Rye Flour","https://crust-and-crumb-tawny.vercel.app/term/rye-flour","Published exact name or alias; depth not assessed","Review depth and source support; avoid duplicate entry","Unprioritized candidate backlog","Primary reference and bread-usefulness review; exact-name matching does not prove a concept gap"
"Whole rye flour","","","No exact name or alias; contextual coverage needs review","Check contextual coverage, then propose entry or alias","Unprioritized candidate backlog","Primary reference and bread-usefulness review; exact-name matching does not prove a concept gap"
"Light rye flour","","","No exact name or alias; contextual coverage needs review","Check contextual coverage, then propose entry or alias","Unprioritized candidate backlog","Primary reference and bread-usefulness review; exact-name matching does not prove a concept gap"
"Medium rye flour","","","No exact name or alias; contextual coverage needs review","Check contextual coverage, then propose entry or alias","Unprioritized candidate backlog","Primary reference and bread-usefulness review; exact-name matching does not prove a concept gap"
"Dark rye flour","","","No exact name or alias; contextual coverage needs review","Check contextual coverage, then propose entry or alias","Unprioritized candidate backlog","Primary reference and bread-usefulness review; exact-name matching does not prove a concept gap"
"Pumpernickel flour","","","No exact name or alias; contextual coverage needs review","Check contextual coverage, then propose entry or alias","Unprioritized candidate backlog","Primary reference and bread-usefulness review; exact-name matching does not prove a concept gap"
"Rye meal","","","No exact name or alias; contextual coverage needs review","Check contextual coverage, then propose entry or alias","Unprioritized candidate backlog","Primary reference and bread-usefulness review; exact-name matching does not prove a concept gap"
"Rye chops","","","No exact name or alias; contextual coverage needs review","Check contextual coverage, then propose entry or alias","Unprioritized candidate backlog","Primary reference and bread-usefulness review; exact-name matching does not prove a concept gap"
"Rye pentosans","","","No exact name or alias; contextual coverage needs review","Check contextual coverage, then propose entry or alias","Unprioritized candidate backlog","Primary reference and bread-usefulness review; exact-name matching does not prove a concept gap"
"Starch attack","Starch Attack","https://crust-and-crumb-tawny.vercel.app/term/starch-attack","Published exact name or alias; depth not assessed","Review depth and source support; avoid duplicate entry","Unprioritized candidate backlog","Primary reference and bread-usefulness review; exact-name matching does not prove a concept gap"
"Scald","Scald","https://crust-and-crumb-tawny.vercel.app/term/scald","Published exact name or alias; depth not assessed","Review depth and source support; avoid duplicate entry","Unprioritized candidate backlog","Primary reference and bread-usefulness review; exact-name matching does not prove a concept gap"
"Brühstück","Brühstück","https://crust-and-crumb-tawny.vercel.app/term/bruhstuck","Published exact name or alias; depth not assessed","Review depth and source support; avoid duplicate entry","Unprioritized candidate backlog","Primary reference and bread-usefulness review; exact-name matching does not prove a concept gap"
"Quellstück","Quellstück","https://crust-and-crumb-tawny.vercel.app/term/quellstuck","Published exact name or alias; depth not assessed","Review depth and source support; avoid duplicate entry","Unprioritized candidate backlog","Primary reference and bread-usefulness review; exact-name matching does not prove a concept gap"
"Kochstück","Kochstück","https://crust-and-crumb-tawny.vercel.app/term/kochstuck","Published exact name or alias; depth not assessed","Review depth and source support; avoid duplicate entry","Unprioritized candidate backlog","Primary reference and bread-usefulness review; exact-name matching does not prove a concept gap"
"Yudane","Yudane","https://crust-and-crumb-tawny.vercel.app/term/yudane","Published exact name or alias; depth not assessed","Review depth and source support; avoid duplicate entry","Unprioritized candidate backlog","Primary reference and bread-usefulness review; exact-name matching does not prove a concept gap"
"Tangzhong","Tangzhong","https://crust-and-crumb-tawny.vercel.app/term/tangzhong","Published exact name or alias; depth not assessed","Review depth and source support; avoid duplicate entry","Unprioritized candidate backlog","Primary reference and bread-usefulness review; exact-name matching does not prove a concept gap"
"Sourdough acidity in rye","","","No exact name or alias; contextual coverage needs review","Check contextual coverage, then propose entry or alias","Unprioritized candidate backlog","Primary reference and bread-usefulness review; exact-name matching does not prove a concept gap"
"Barley","Barley","https://crust-and-crumb-tawny.vercel.app/term/barley","Published exact name or alias; depth not assessed","Review depth and source support; avoid duplicate entry","Unprioritized candidate backlog","Primary reference and bread-usefulness review; exact-name matching does not prove a concept gap"
"Oat","","","No exact name or alias; contextual coverage needs review","Check contextual coverage, then propose entry or alias","Unprioritized candidate backlog","Primary reference and bread-usefulness review; exact-name matching does not prove a concept gap"
"Sorghum","Sorghum","https://crust-and-crumb-tawny.vercel.app/term/sorghum","Published exact name or alias; depth not assessed","Review depth and source support; avoid duplicate entry","Unprioritized candidate backlog","Primary reference and bread-usefulness review; exact-name matching does not prove a concept gap"
"Millet","Millet","https://crust-and-crumb-tawny.vercel.app/term/millet","Published exact name or alias; depth not assessed","Review depth and source support; avoid duplicate entry","Unprioritized candidate backlog","Primary reference and bread-usefulness review; exact-name matching does not prove a concept gap"
"Teff","Teff","https://crust-and-crumb-tawny.vercel.app/term/teff","Published exact name or alias; depth not assessed","Review depth and source support; avoid duplicate entry","Unprioritized candidate backlog","Primary reference and bread-usefulness review; exact-name matching does not prove a concept gap"
"Fonio","Fonio","https://crust-and-crumb-tawny.vercel.app/term/fonio","Published exact name or alias; depth not assessed","Review depth and source support; avoid duplicate entry","Unprioritized candidate backlog","Primary reference and bread-usefulness review; exact-name matching does not prove a concept gap"
"Buckwheat","Buckwheat","https://crust-and-crumb-tawny.vercel.app/term/buckwheat","Published exact name or alias; depth not assessed","Review depth and source support; avoid duplicate entry","Unprioritized candidate backlog","Primary reference and bread-usefulness review; exact-name matching does not prove a concept gap"
"Amaranth","Amaranth","https://crust-and-crumb-tawny.vercel.app/term/amaranth","Published exact name or alias; depth not assessed","Review depth and source support; avoid duplicate entry","Unprioritized candidate backlog","Primary reference and bread-usefulness review; exact-name matching does not prove a concept gap"
"Quinoa","Quinoa","https://crust-and-crumb-tawny.vercel.app/term/quinoa","Published exact name or alias; depth not assessed","Review depth and source support; avoid duplicate entry","Unprioritized candidate backlog","Primary reference and bread-usefulness review; exact-name matching does not prove a concept gap"
"Kañiwa","","","No exact name or alias; contextual coverage needs review","Check contextual coverage, then propose entry or alias","Unprioritized candidate backlog","Primary reference and bread-usefulness review; exact-name matching does not prove a concept gap"
"Cornmeal","Cornmeal","https://crust-and-crumb-tawny.vercel.app/term/cornmeal","Published exact name or alias; depth not assessed","Review depth and source support; avoid duplicate entry","Unprioritized candidate backlog","Primary reference and bread-usefulness review; exact-name matching does not prove a concept gap"
"Masa harina","","","No exact name or alias; contextual coverage needs review","Check contextual coverage, then propose entry or alias","Unprioritized candidate backlog","Primary reference and bread-usefulness review; exact-name matching does not prove a concept gap"
"Nixtamalization","","","No exact name or alias; contextual coverage needs review","Check contextual coverage, then propose entry or alias","Unprioritized candidate backlog","Primary reference and bread-usefulness review; exact-name matching does not prove a concept gap"
"Acetic acid","Acetic Acid","https://crust-and-crumb-tawny.vercel.app/term/acetic-acid","Published exact name or alias; depth not assessed","Review depth and source support; avoid duplicate entry","Unprioritized candidate backlog","Primary reference and bread-usefulness review; exact-name matching does not prove a concept gap"
"Aliquot jar","Aliquot Jar","https://crust-and-crumb-tawny.vercel.app/term/aliquot-jar","Published exact name or alias; depth not assessed","Review depth and source support; avoid duplicate entry","Unprioritized candidate backlog","Primary reference and bread-usefulness review; exact-name matching does not prove a concept gap"
"Autolyse","Autolyse","https://crust-and-crumb-tawny.vercel.app/term/autolyse","Published exact name or alias; depth not assessed","Review depth and source support; avoid duplicate entry","Unprioritized candidate backlog","Primary reference and bread-usefulness review; exact-name matching does not prove a concept gap"
"Bulk fermentation","Bulk Fermentation","https://crust-and-crumb-tawny.vercel.app/term/bulk-fermentation","Published exact name or alias; depth not assessed","Review depth and source support; avoid duplicate entry","Release correction completed; broader review pending","Primary reference and bread-usefulness review; exact-name matching does not prove a concept gap"
"Bulk fermentation target","","","No exact name or alias; contextual coverage needs review","Check contextual coverage, then propose entry or alias","Unprioritized candidate backlog","Primary reference and bread-usefulness review; exact-name matching does not prove a concept gap"
"Coil fold","Coil Fold","https://crust-and-crumb-tawny.vercel.app/term/coil-fold","Published exact name or alias; depth not assessed","Review depth and source support; avoid duplicate entry","Unprioritized candidate backlog","Primary reference and bread-usefulness review; exact-name matching does not prove a concept gap"
"Cold retard","Cold Proof","https://crust-and-crumb-tawny.vercel.app/term/cold-proof","Published exact name or alias; depth not assessed","Review depth and source support; avoid duplicate entry","Unprioritized candidate backlog","Primary reference and bread-usefulness review; exact-name matching does not prove a concept gap"
"Fermentolyse","Fermentolyse","https://crust-and-crumb-tawny.vercel.app/term/fermentolyse","Published exact name or alias; depth not assessed","Review depth and source support; avoid duplicate entry","Unprioritized candidate backlog","Primary reference and bread-usefulness review; exact-name matching does not prove a concept gap"
"Feeding ratio","Feeding Ratio","https://crust-and-crumb-tawny.vercel.app/term/feeding-ratio","Published exact name or alias; depth not assessed","Review depth and source support; avoid duplicate entry","Unprioritized candidate backlog","Primary reference and bread-usefulness review; exact-name matching does not prove a concept gap"
"Inoculation","Inoculation","https://crust-and-crumb-tawny.vercel.app/term/inoculation","Published exact name or alias; depth not assessed","Review depth and source support; avoid duplicate entry","Unprioritized candidate backlog","Primary reference and bread-usefulness review; exact-name matching does not prove a concept gap"
"Lactic acid","Lactic Acid","https://crust-and-crumb-tawny.vercel.app/term/lactic-acid","Published exact name or alias; depth not assessed","Review depth and source support; avoid duplicate entry","Unprioritized candidate backlog","Primary reference and bread-usefulness review; exact-name matching does not prove a concept gap"
"Lactic acid bacteria","Lactic Acid Bacteria","https://crust-and-crumb-tawny.vercel.app/term/lactic-acid-bacteria","Published exact name or alias; depth not assessed","Review depth and source support; avoid duplicate entry","Unprioritized candidate backlog","Primary reference and bread-usefulness review; exact-name matching does not prove a concept gap"
"Levain","Levain","https://crust-and-crumb-tawny.vercel.app/term/levain","Published exact name or alias; depth not assessed","Review depth and source support; avoid duplicate entry","Unprioritized candidate backlog","Primary reference and bread-usefulness review; exact-name matching does not prove a concept gap"
"Mature starter","","","No exact name or alias; contextual coverage needs review","Check contextual coverage, then propose entry or alias","Unprioritized candidate backlog","Primary reference and bread-usefulness review; exact-name matching does not prove a concept gap"
"Overripe starter","Overripe Starter","https://crust-and-crumb-tawny.vercel.app/term/overripe-starter","Published exact name or alias; depth not assessed","Review depth and source support; avoid duplicate entry","Unprioritized candidate backlog","Primary reference and bread-usefulness review; exact-name matching does not prove a concept gap"
"Peak","Peak","https://crust-and-crumb-tawny.vercel.app/term/peak","Published exact name or alias; depth not assessed","Review depth and source support; avoid duplicate entry","Unprioritized candidate backlog","Primary reference and bread-usefulness review; exact-name matching does not prove a concept gap"
"pH","pH","https://crust-and-crumb-tawny.vercel.app/term/ph","Published exact name or alias; depth not assessed","Review depth and source support; avoid duplicate entry","Unprioritized candidate backlog","Primary reference and bread-usefulness review; exact-name matching does not prove a concept gap"
"Ripe starter","Ripe Starter","https://crust-and-crumb-tawny.vercel.app/term/ripe-starter","Published exact name or alias; depth not assessed","Review depth and source support; avoid duplicate entry","Unprioritized candidate backlog","Primary reference and bread-usefulness review; exact-name matching does not prove a concept gap"
"Starter","","","No exact name or alias; contextual coverage needs review","Check contextual coverage, then propose entry or alias","Unprioritized candidate backlog","Primary reference and bread-usefulness review; exact-name matching does not prove a concept gap"
"Starter hydration","","","No exact name or alias; contextual coverage needs review","Check contextual coverage, then propose entry or alias","Unprioritized candidate backlog","Primary reference and bread-usefulness review; exact-name matching does not prove a concept gap"
"Stretch and fold","Stretch and Fold","https://crust-and-crumb-tawny.vercel.app/term/stretch-and-fold","Published exact name or alias; depth not assessed","Review depth and source support; avoid duplicate entry","Unprioritized candidate backlog","Primary reference and bread-usefulness review; exact-name matching does not prove a concept gap"
"Tartine-style bread","","","No exact name or alias; contextual coverage needs review","Check contextual coverage, then propose entry or alias","Unprioritized candidate backlog","Primary reference and bread-usefulness review; exact-name matching does not prove a concept gap"
"Temperature","","","No exact name or alias; contextual coverage needs review","Check contextual coverage, then propose entry or alias","Unprioritized candidate backlog","Primary reference and bread-usefulness review; exact-name matching does not prove a concept gap"
"Titratable acidity","Titratable Acidity","https://crust-and-crumb-tawny.vercel.app/term/titratable-acidity","Published exact name or alias; depth not assessed","Review depth and source support; avoid duplicate entry","Unprioritized candidate backlog","Primary reference and bread-usefulness review; exact-name matching does not prove a concept gap"
"Young levain","Young Levain","https://crust-and-crumb-tawny.vercel.app/term/young-levain","Published exact name or alias; depth not assessed","Review depth and source support; avoid duplicate entry","Unprioritized candidate backlog","Primary reference and bread-usefulness review; exact-name matching does not prove a concept gap"
"Banneton","Banneton","https://crust-and-crumb-tawny.vercel.app/term/banneton","Published exact name or alias; depth not assessed","Review depth and source support; avoid duplicate entry","Unprioritized candidate backlog","Primary reference and bread-usefulness review; exact-name matching does not prove a concept gap"
"Bâtard","Batard","https://crust-and-crumb-tawny.vercel.app/term/batard","Published exact name or alias; depth not assessed","Review depth and source support; avoid duplicate entry","Unprioritized candidate backlog","Primary reference and bread-usefulness review; exact-name matching does not prove a concept gap"
"Bench rest","Bench Rest","https://crust-and-crumb-tawny.vercel.app/term/bench-rest","Published exact name or alias; depth not assessed","Review depth and source support; avoid duplicate entry","Unprioritized candidate backlog","Primary reference and bread-usefulness review; exact-name matching does not prove a concept gap"
"Blowout","Blowout","https://crust-and-crumb-tawny.vercel.app/term/blowout","Published exact name or alias; depth not assessed","Review depth and source support; avoid duplicate entry","Unprioritized candidate backlog","Primary reference and bread-usefulness review; exact-name matching does not prove a concept gap"
"Boule","Boule","https://crust-and-crumb-tawny.vercel.app/term/boule","Published exact name or alias; depth not assessed","Review depth and source support; avoid duplicate entry","Unprioritized candidate backlog","Primary reference and bread-usefulness review; exact-name matching does not prove a concept gap"
"Couche","Baker's Couche","https://crust-and-crumb-tawny.vercel.app/term/bakers-couche","Published exact name or alias; depth not assessed","Review depth and source support; avoid duplicate entry","Unprioritized candidate backlog","Primary reference and bread-usefulness review; exact-name matching does not prove a concept gap"
"Crumb","Crumb","https://crust-and-crumb-tawny.vercel.app/term/crumb","Published exact name or alias; depth not assessed","Review depth and source support; avoid duplicate entry","Unprioritized candidate backlog","Primary reference and bread-usefulness review; exact-name matching does not prove a concept gap"
"Crumb structure","Crumb","https://crust-and-crumb-tawny.vercel.app/term/crumb","Published exact name or alias; depth not assessed","Review depth and source support; avoid duplicate entry","Unprioritized candidate backlog","Primary reference and bread-usefulness review; exact-name matching does not prove a concept gap"
"Degassing","Degassing","https://crust-and-crumb-tawny.vercel.app/term/degassing","Published exact name or alias; depth not assessed","Review depth and source support; avoid duplicate entry","Unprioritized candidate backlog","Primary reference and bread-usefulness review; exact-name matching does not prove a concept gap"
"Docking","Docking","https://crust-and-crumb-tawny.vercel.app/term/docking","Published exact name or alias; depth not assessed","Review depth and source support; avoid duplicate entry","Unprioritized candidate backlog","Primary reference and bread-usefulness review; exact-name matching does not prove a concept gap"
"Dutch oven","Dutch Oven","https://crust-and-crumb-tawny.vercel.app/term/dutch-oven","Published exact name or alias; depth not assessed","Review depth and source support; avoid duplicate entry","Unprioritized candidate backlog","Primary reference and bread-usefulness review; exact-name matching does not prove a concept gap"
"Ear","Ear","https://crust-and-crumb-tawny.vercel.app/term/ear","Published exact name or alias; depth not assessed","Review depth and source support; avoid duplicate entry","Unprioritized candidate backlog","Primary reference and bread-usefulness review; exact-name matching does not prove a concept gap"
"Final proof","","","No exact name or alias; contextual coverage needs review","Check contextual coverage, then propose entry or alias","Unprioritized candidate backlog","Primary reference and bread-usefulness review; exact-name matching does not prove a concept gap"
"Flying crust","Flying Crust","https://crust-and-crumb-tawny.vercel.app/term/flying-crust","Published exact name or alias; depth not assessed","Review depth and source support; avoid duplicate entry","Unprioritized candidate backlog","Primary reference and bread-usefulness review; exact-name matching does not prove a concept gap"
"Gluten window","","","No exact name or alias; contextual coverage needs review","Check contextual coverage, then propose entry or alias","Unprioritized candidate backlog","Primary reference and bread-usefulness review; exact-name matching does not prove a concept gap"
"Lamination","Lamination","https://crust-and-crumb-tawny.vercel.app/term/lamination","Published exact name or alias; depth not assessed","Review depth and source support; avoid duplicate entry","Unprioritized candidate backlog","Primary reference and bread-usefulness review; exact-name matching does not prove a concept gap"
"Oven spring","Oven Spring","https://crust-and-crumb-tawny.vercel.app/term/oven-spring","Published exact name or alias; depth not assessed","Review depth and source support; avoid duplicate entry","Unprioritized candidate backlog","Primary reference and bread-usefulness review; exact-name matching does not prove a concept gap"
"Poke test","Poke Test","https://crust-and-crumb-tawny.vercel.app/term/poke-test","Published exact name or alias; depth not assessed","Review depth and source support; avoid duplicate entry","Unprioritized candidate backlog","Primary reference and bread-usefulness review; exact-name matching does not prove a concept gap"
"Pre-shape","Pre-Shape","https://crust-and-crumb-tawny.vercel.app/term/pre-shape","Published exact name or alias; depth not assessed","Review depth and source support; avoid duplicate entry","Unprioritized candidate backlog","Primary reference and bread-usefulness review; exact-name matching does not prove a concept gap"
"Proofing","Proofing","https://crust-and-crumb-tawny.vercel.app/term/proofing","Published exact name or alias; depth not assessed","Review depth and source support; avoid duplicate entry","Unprioritized candidate backlog","Primary reference and bread-usefulness review; exact-name matching does not prove a concept gap"
"Rice flour dusting","","","No exact name or alias; contextual coverage needs review","Check contextual coverage, then propose entry or alias","Unprioritized candidate backlog","Primary reference and bread-usefulness review; exact-name matching does not prove a concept gap"
"Rubaud method","Rubaud Method","https://crust-and-crumb-tawny.vercel.app/term/rubaud-method","Published exact name or alias; depth not assessed","Review depth and source support; avoid duplicate entry","Unprioritized candidate backlog","Primary reference and bread-usefulness review; exact-name matching does not prove a concept gap"
"Scoring","Scoring","https://crust-and-crumb-tawny.vercel.app/term/scoring","Published exact name or alias; depth not assessed","Review depth and source support; avoid duplicate entry","Unprioritized candidate backlog","Primary reference and bread-usefulness review; exact-name matching does not prove a concept gap"
"Slap and fold","Slap and Fold","https://crust-and-crumb-tawny.vercel.app/term/slap-and-fold","Published exact name or alias; depth not assessed","Review depth and source support; avoid duplicate entry","Unprioritized candidate backlog","Primary reference and bread-usefulness review; exact-name matching does not prove a concept gap"
"Surface tension","Surface Tension","https://crust-and-crumb-tawny.vercel.app/term/surface-tension","Published exact name or alias; depth not assessed","Review depth and source support; avoid duplicate entry","Unprioritized candidate backlog","Primary reference and bread-usefulness review; exact-name matching does not prove a concept gap"
"Tension","","","No exact name or alias; contextual coverage needs review","Check contextual coverage, then propose entry or alias","Unprioritized candidate backlog","Primary reference and bread-usefulness review; exact-name matching does not prove a concept gap"
"Tunneling","Tunneling","https://crust-and-crumb-tawny.vercel.app/term/tunneling","Published exact name or alias; depth not assessed","Review depth and source support; avoid duplicate entry","Unprioritized candidate backlog","Primary reference and bread-usefulness review; exact-name matching does not prove a concept gap"
"Underproofed","Underproofed","https://crust-and-crumb-tawny.vercel.app/term/underproofed","Published exact name or alias; depth not assessed","Review depth and source support; avoid duplicate entry","Release correction completed; broader review pending","Primary reference and bread-usefulness review; exact-name matching does not prove a concept gap"
"Overproofed","Overproofed","https://crust-and-crumb-tawny.vercel.app/term/overproofed","Published exact name or alias; depth not assessed","Review depth and source support; avoid duplicate entry","Unprioritized candidate backlog","Primary reference and bread-usefulness review; exact-name matching does not prove a concept gap"
"Biga","Biga","https://crust-and-crumb-tawny.vercel.app/term/biga","Published exact name or alias; depth not assessed","Review depth and source support; avoid duplicate entry","Unprioritized candidate backlog","Primary reference and bread-usefulness review; exact-name matching does not prove a concept gap"
"Commercial yeast","","","No exact name or alias; contextual coverage needs review","Check contextual coverage, then propose entry or alias","Unprioritized candidate backlog","Primary reference and bread-usefulness review; exact-name matching does not prove a concept gap"
"Discard","Discard","https://crust-and-crumb-tawny.vercel.app/term/discard","Published exact name or alias; depth not assessed","Review depth and source support; avoid duplicate entry","Unprioritized candidate backlog","Primary reference and bread-usefulness review; exact-name matching does not prove a concept gap"
"Fermented dough","","","No exact name or alias; contextual coverage needs review","Check contextual coverage, then propose entry or alias","Unprioritized candidate backlog","Primary reference and bread-usefulness review; exact-name matching does not prove a concept gap"
"Instant yeast","Instant Yeast","https://crust-and-crumb-tawny.vercel.app/term/instant-yeast","Published exact name or alias; depth not assessed","Review depth and source support; avoid duplicate entry","Unprioritized candidate backlog","Primary reference and bread-usefulness review; exact-name matching does not prove a concept gap"
"Lievito madre","Lievito Madre","https://crust-and-crumb-tawny.vercel.app/term/lievito-madre","Published exact name or alias; depth not assessed","Review depth and source support; avoid duplicate entry","Unprioritized candidate backlog","Primary reference and bread-usefulness review; exact-name matching does not prove a concept gap"
"Liquid levain","","","No exact name or alias; contextual coverage needs review","Check contextual coverage, then propose entry or alias","Unprioritized candidate backlog","Primary reference and bread-usefulness review; exact-name matching does not prove a concept gap"
"Old dough","","","No exact name or alias; contextual coverage needs review","Check contextual coverage, then propose entry or alias","Unprioritized candidate backlog","Primary reference and bread-usefulness review; exact-name matching does not prove a concept gap"
"Pâte fermentée","Pâte Fermentée","https://crust-and-crumb-tawny.vercel.app/term/pate-fermentee","Published exact name or alias; depth not assessed","Review depth and source support; avoid duplicate entry","Unprioritized candidate backlog","Primary reference and bread-usefulness review; exact-name matching does not prove a concept gap"
"Poolish","Poolish","https://crust-and-crumb-tawny.vercel.app/term/poolish","Published exact name or alias; depth not assessed","Review depth and source support; avoid duplicate entry","Unprioritized candidate backlog","Primary reference and bread-usefulness review; exact-name matching does not prove a concept gap"
"Preferment","Preferment","https://crust-and-crumb-tawny.vercel.app/term/preferment","Published exact name or alias; depth not assessed","Review depth and source support; avoid duplicate entry","Unprioritized candidate backlog","Primary reference and bread-usefulness review; exact-name matching does not prove a concept gap"
"Sourdough","Sourdough","https://crust-and-crumb-tawny.vercel.app/term/sourdough","Published exact name or alias; depth not assessed","Review depth and source support; avoid duplicate entry","Unprioritized candidate backlog","Primary reference and bread-usefulness review; exact-name matching does not prove a concept gap"
"Sponge","Sponge","https://crust-and-crumb-tawny.vercel.app/term/sponge","Published exact name or alias; depth not assessed","Review depth and source support; avoid duplicate entry","Unprioritized candidate backlog","Primary reference and bread-usefulness review; exact-name matching does not prove a concept gap"
"Stiff starter","Stiff Starter","https://crust-and-crumb-tawny.vercel.app/term/stiff-starter","Published exact name or alias; depth not assessed","Review depth and source support; avoid duplicate entry","Unprioritized candidate backlog","Primary reference and bread-usefulness review; exact-name matching does not prove a concept gap"
"Wild yeast","","","No exact name or alias; contextual coverage needs review","Check contextual coverage, then propose entry or alias","Unprioritized candidate backlog","Primary reference and bread-usefulness review; exact-name matching does not prove a concept gap"
"yeast water","Yeast Water","https://crust-and-crumb-tawny.vercel.app/term/yeast-water","Published exact name or alias; depth not assessed","Review depth and source support; avoid duplicate entry","Unprioritized candidate backlog","Primary reference and bread-usefulness review; exact-name matching does not prove a concept gap"
"Baguette","Baguette","https://crust-and-crumb-tawny.vercel.app/term/baguette","Published exact name or alias; depth not assessed","Review depth and source support; avoid duplicate entry","Unprioritized candidate backlog","Primary reference and bread-usefulness review; exact-name matching does not prove a concept gap"
"Pain au levain","","","No exact name or alias; contextual coverage needs review","Check contextual coverage, then propose entry or alias","Unprioritized candidate backlog","Primary reference and bread-usefulness review; exact-name matching does not prove a concept gap"
"Pain de campagne","Pain de Campagne","https://crust-and-crumb-tawny.vercel.app/term/pain-de-campagne","Published exact name or alias; depth not assessed","Review depth and source support; avoid duplicate entry","Unprioritized candidate backlog","Primary reference and bread-usefulness review; exact-name matching does not prove a concept gap"
"Sauerteig","","","No exact name or alias; contextual coverage needs review","Check contextual coverage, then propose entry or alias","Unprioritized candidate backlog","Primary reference and bread-usefulness review; exact-name matching does not prove a concept gap"
"Vollkornbrot","Vollkornbrot","https://crust-and-crumb-tawny.vercel.app/term/vollkornbrot","Published exact name or alias; depth not assessed","Review depth and source support; avoid duplicate entry","Unprioritized candidate backlog","Primary reference and bread-usefulness review; exact-name matching does not prove a concept gap"
"Schrot","","","No exact name or alias; contextual coverage needs review","Check contextual coverage, then propose entry or alias","Unprioritized candidate backlog","Primary reference and bread-usefulness review; exact-name matching does not prove a concept gap"
"Pumpernickel","Pumpernickel","https://crust-and-crumb-tawny.vercel.app/term/pumpernickel","Published exact name or alias; depth not assessed","Review depth and source support; avoid duplicate entry","Unprioritized candidate backlog","Primary reference and bread-usefulness review; exact-name matching does not prove a concept gap"
"Pane di semola","","","No exact name or alias; contextual coverage needs review","Check contextual coverage, then propose entry or alias","Unprioritized candidate backlog","Primary reference and bread-usefulness review; exact-name matching does not prove a concept gap"
"Semola rimacinata","","","No exact name or alias; contextual coverage needs review","Check contextual coverage, then propose entry or alias","Unprioritized candidate backlog","Primary reference and bread-usefulness review; exact-name matching does not prove a concept gap"
"Borodinsky bread","","","No exact name or alias; contextual coverage needs review","Check contextual coverage, then propose entry or alias","Unprioritized candidate backlog","Primary reference and bread-usefulness review; exact-name matching does not prove a concept gap"
"Zavarka","","","No exact name or alias; contextual coverage needs review","Check contextual coverage, then propose entry or alias","Unprioritized candidate backlog","Primary reference and bread-usefulness review; exact-name matching does not prove a concept gap"
"Solod","","","No exact name or alias; contextual coverage needs review","Check contextual coverage, then propose entry or alias","Unprioritized candidate backlog","Primary reference and bread-usefulness review; exact-name matching does not prove a concept gap"
"Scalded rye bread","","","No exact name or alias; contextual coverage needs review","Check contextual coverage, then propose entry or alias","Unprioritized candidate backlog","Primary reference and bread-usefulness review; exact-name matching does not prove a concept gap"
"Injera","Injera","https://crust-and-crumb-tawny.vercel.app/term/injera","Published exact name or alias; depth not assessed","Review depth and source support; avoid duplicate entry","Unprioritized candidate backlog","Primary reference and bread-usefulness review; exact-name matching does not prove a concept gap"
"Ersho","","","No exact name or alias; contextual coverage needs review","Check contextual coverage, then propose entry or alias","Unprioritized candidate backlog","Primary reference and bread-usefulness review; exact-name matching does not prove a concept gap"
"Sorghum bread","","","No exact name or alias; contextual coverage needs review","Check contextual coverage, then propose entry or alias","Unprioritized candidate backlog","Primary reference and bread-usefulness review; exact-name matching does not prove a concept gap"
"Millet bread","","","No exact name or alias; contextual coverage needs review","Check contextual coverage, then propose entry or alias","Unprioritized candidate backlog","Primary reference and bread-usefulness review; exact-name matching does not prove a concept gap"
"Masa","","","No exact name or alias; contextual coverage needs review","Check contextual coverage, then propose entry or alias","Unprioritized candidate backlog","Primary reference and bread-usefulness review; exact-name matching does not prove a concept gap"
"Pan dulce","","","No exact name or alias; contextual coverage needs review","Check contextual coverage, then propose entry or alias","Unprioritized candidate backlog","Primary reference and bread-usefulness review; exact-name matching does not prove a concept gap"
"Tortilla flour","","","No exact name or alias; contextual coverage needs review","Check contextual coverage, then propose entry or alias","Unprioritized candidate backlog","Primary reference and bread-usefulness review; exact-name matching does not prove a concept gap"
"Atta","","","No exact name or alias; contextual coverage needs review","Check contextual coverage, then propose entry or alias","Unprioritized candidate backlog","Primary reference and bread-usefulness review; exact-name matching does not prove a concept gap"
"Chakki flour","","","No exact name or alias; contextual coverage needs review","Check contextual coverage, then propose entry or alias","Unprioritized candidate backlog","Primary reference and bread-usefulness review; exact-name matching does not prove a concept gap"
"Naan","Naan","https://crust-and-crumb-tawny.vercel.app/term/naan","Published exact name or alias; depth not assessed","Review depth and source support; avoid duplicate entry","Unprioritized candidate backlog","Primary reference and bread-usefulness review; exact-name matching does not prove a concept gap"
"Roti","","","No exact name or alias; contextual coverage needs review","Check contextual coverage, then propose entry or alias","Unprioritized candidate backlog","Primary reference and bread-usefulness review; exact-name matching does not prove a concept gap"
"Tandoor","","","No exact name or alias; contextual coverage needs review","Check contextual coverage, then propose entry or alias","Unprioritized candidate backlog","Primary reference and bread-usefulness review; exact-name matching does not prove a concept gap"
"Baking steel","Baking Steel","https://crust-and-crumb-tawny.vercel.app/term/baking-steel","Published exact name or alias; depth not assessed","Review depth and source support; avoid duplicate entry","Unprioritized candidate backlog","Primary reference and bread-usefulness review; exact-name matching does not prove a concept gap"
"Baking stone","Baking Stone","https://crust-and-crumb-tawny.vercel.app/term/baking-stone","Published exact name or alias; depth not assessed","Review depth and source support; avoid duplicate entry","Unprioritized candidate backlog","Primary reference and bread-usefulness review; exact-name matching does not prove a concept gap"
"Bench knife","Bench Scraper","https://crust-and-crumb-tawny.vercel.app/term/bench-scraper","Published exact name or alias; depth not assessed","Review depth and source support; avoid duplicate entry","Unprioritized candidate backlog","Primary reference and bread-usefulness review; exact-name matching does not prove a concept gap"
"Cloche","Cloche","https://crust-and-crumb-tawny.vercel.app/term/cloche","Published exact name or alias; depth not assessed","Review depth and source support; avoid duplicate entry","Unprioritized candidate backlog","Primary reference and bread-usefulness review; exact-name matching does not prove a concept gap"
"Dough whisk","","","No exact name or alias; contextual coverage needs review","Check contextual coverage, then propose entry or alias","Unprioritized candidate backlog","Primary reference and bread-usefulness review; exact-name matching does not prove a concept gap"
"Lame","Lame","https://crust-and-crumb-tawny.vercel.app/term/lame","Published exact name or alias; depth not assessed","Review depth and source support; avoid duplicate entry","Unprioritized candidate backlog","Primary reference and bread-usefulness review; exact-name matching does not prove a concept gap"
"Proofing box","Proofing Box","https://crust-and-crumb-tawny.vercel.app/term/proofing-box","Published exact name or alias; depth not assessed","Review depth and source support; avoid duplicate entry","Unprioritized candidate backlog","Primary reference and bread-usefulness review; exact-name matching does not prove a concept gap"
"Thermometer","","","No exact name or alias; contextual coverage needs review","Check contextual coverage, then propose entry or alias","Unprioritized candidate backlog","Primary reference and bread-usefulness review; exact-name matching does not prove a concept gap"
"Digital scale","Digital Scale","https://crust-and-crumb-tawny.vercel.app/term/digital-scale","Published exact name or alias; depth not assessed","Review depth and source support; avoid duplicate entry","Unprioritized candidate backlog","Primary reference and bread-usefulness review; exact-name matching does not prove a concept gap"
"Grain mill","Grain Mill","https://crust-and-crumb-tawny.vercel.app/term/grain-mill","Published exact name or alias; depth not assessed","Review depth and source support; avoid duplicate entry","Unprioritized candidate backlog","Primary reference and bread-usefulness review; exact-name matching does not prove a concept gap"
"Stone mill","Stone Mill","https://crust-and-crumb-tawny.vercel.app/term/stone-mill","Published exact name or alias; depth not assessed","Review depth and source support; avoid duplicate entry","Unprioritized candidate backlog","Primary reference and bread-usefulness review; exact-name matching does not prove a concept gap"
"Burr mill","","","No exact name or alias; contextual coverage needs review","Check contextual coverage, then propose entry or alias","Unprioritized candidate backlog","Primary reference and bread-usefulness review; exact-name matching does not prove a concept gap"
"Sieve","","","No exact name or alias; contextual coverage needs review","Check contextual coverage, then propose entry or alias","Unprioritized candidate backlog","Primary reference and bread-usefulness review; exact-name matching does not prove a concept gap"
"Flour sifter","","","No exact name or alias; contextual coverage needs review","Check contextual coverage, then propose entry or alias","Unprioritized candidate backlog","Primary reference and bread-usefulness review; exact-name matching does not prove a concept gap"
"Linen couche","","","No exact name or alias; contextual coverage needs review","Check contextual coverage, then propose entry or alias","Unprioritized candidate backlog","Primary reference and bread-usefulness review; exact-name matching does not prove a concept gap"
"Dense crumb","Dense Crumb","https://crust-and-crumb-tawny.vercel.app/term/dense-crumb","Published exact name or alias; depth not assessed","Review depth and source support; avoid duplicate entry","Unprioritized candidate backlog","Primary reference and bread-usefulness review; exact-name matching does not prove a concept gap"
"Flat loaf","","","No exact name or alias; contextual coverage needs review","Check contextual coverage, then propose entry or alias","Unprioritized candidate backlog","Primary reference and bread-usefulness review; exact-name matching does not prove a concept gap"
"Gummy crumb","Gummy Crumb","https://crust-and-crumb-tawny.vercel.app/term/gummy-crumb","Published exact name or alias; depth not assessed","Review depth and source support; avoid duplicate entry","Unprioritized candidate backlog","Primary reference and bread-usefulness review; exact-name matching does not prove a concept gap"
"Lack of oven spring","","","No exact name or alias; contextual coverage needs review","Check contextual coverage, then propose entry or alias","Unprioritized candidate backlog","Primary reference and bread-usefulness review; exact-name matching does not prove a concept gap"
"Overproofing","","","No exact name or alias; contextual coverage needs review","Check contextual coverage, then propose entry or alias","Unprioritized candidate backlog","Primary reference and bread-usefulness review; exact-name matching does not prove a concept gap"
"Overfermentation","","","No exact name or alias; contextual coverage needs review","Check contextual coverage, then propose entry or alias","Unprioritized candidate backlog","Primary reference and bread-usefulness review; exact-name matching does not prove a concept gap"
"Underproofing","","","No exact name or alias; contextual coverage needs review","Check contextual coverage, then propose entry or alias","Unprioritized candidate backlog","Primary reference and bread-usefulness review; exact-name matching does not prove a concept gap"
"Underfermentation","","","No exact name or alias; contextual coverage needs review","Check contextual coverage, then propose entry or alias","Unprioritized candidate backlog","Primary reference and bread-usefulness review; exact-name matching does not prove a concept gap"
"Weak dough","","","No exact name or alias; contextual coverage needs review","Check contextual coverage, then propose entry or alias","Unprioritized candidate backlog","Primary reference and bread-usefulness review; exact-name matching does not prove a concept gap"
"Wet line","","","No exact name or alias; contextual coverage needs review","Check contextual coverage, then propose entry or alias","Unprioritized candidate backlog","Primary reference and bread-usefulness review; exact-name matching does not prove a concept gap"
"Poor gluten development","","","No exact name or alias; contextual coverage needs review","Check contextual coverage, then propose entry or alias","Unprioritized candidate backlog","Primary reference and bread-usefulness review; exact-name matching does not prove a concept gap"
"Collapsed loaf","","","No exact name or alias; contextual coverage needs review","Check contextual coverage, then propose entry or alias","Unprioritized candidate backlog","Primary reference and bread-usefulness review; exact-name matching does not prove a concept gap"
"Tight crumb","","","No exact name or alias; contextual coverage needs review","Check contextual coverage, then propose entry or alias","Unprioritized candidate backlog","Primary reference and bread-usefulness review; exact-name matching does not prove a concept gap"
"Open crumb","","","No exact name or alias; contextual coverage needs review","Check contextual coverage, then propose entry or alias","Unprioritized candidate backlog","Primary reference and bread-usefulness review; exact-name matching does not prove a concept gap"
"Cratered crumb","","","No exact name or alias; contextual coverage needs review","Check contextual coverage, then propose entry or alias","Unprioritized candidate backlog","Primary reference and bread-usefulness review; exact-name matching does not prove a concept gap"
"Acidification","","","No exact name or alias; contextual coverage needs review","Check contextual coverage, then propose entry or alias","Unprioritized candidate backlog","Primary reference and bread-usefulness review; exact-name matching does not prove a concept gap"
"amylase","Amylase","https://crust-and-crumb-tawny.vercel.app/term/amylase","Published exact name or alias; depth not assessed","Review depth and source support; avoid duplicate entry","Unprioritized candidate backlog","Primary reference and bread-usefulness review; exact-name matching does not prove a concept gap"
"brotform (alias check)","","","No exact name or alias; contextual coverage needs review","Check contextual coverage, then propose entry or alias","Unprioritized candidate backlog","Primary reference and bread-usefulness review; exact-name matching does not prove a concept gap"
"carbon dioxide","","","No exact name or alias; contextual coverage needs review","Check contextual coverage, then propose entry or alias","Unprioritized candidate backlog","Primary reference and bread-usefulness review; exact-name matching does not prove a concept gap"
"enriched dough","Enriched Dough","https://crust-and-crumb-tawny.vercel.app/term/enriched-dough","Published exact name or alias; depth not assessed","Review depth and source support; avoid duplicate entry","Unprioritized candidate backlog","Primary reference and bread-usefulness review; exact-name matching does not prove a concept gap"
"elasticity","Elasticity","https://crust-and-crumb-tawny.vercel.app/term/elasticity","Published exact name or alias; depth not assessed","Review depth and source support; avoid duplicate entry","Unprioritized candidate backlog","Primary reference and bread-usefulness review; exact-name matching does not prove a concept gap"
"extensibility","Extensibility","https://crust-and-crumb-tawny.vercel.app/term/extensibility","Published exact name or alias; depth not assessed","Review depth and source support; avoid duplicate entry","Unprioritized candidate backlog","Primary reference and bread-usefulness review; exact-name matching does not prove a concept gap"
"gluten development","Gluten","https://crust-and-crumb-tawny.vercel.app/term/gluten","Published exact name or alias; depth not assessed","Review depth and source support; avoid duplicate entry","Unprioritized candidate backlog","Primary reference and bread-usefulness review; exact-name matching does not prove a concept gap"
"hard red wheat (class distinctions)","","","No exact name or alias; contextual coverage needs review","Check contextual coverage, then propose entry or alias","Unprioritized candidate backlog","Primary reference and bread-usefulness review; exact-name matching does not prove a concept gap"
"Maillard reaction","Maillard Reaction","https://crust-and-crumb-tawny.vercel.app/term/maillard-reaction","Published exact name or alias; depth not assessed","Review depth and source support; avoid duplicate entry","Unprioritized candidate backlog","Primary reference and bread-usefulness review; exact-name matching does not prove a concept gap"
"retard (usage/alias check)","","","No exact name or alias; contextual coverage needs review","Check contextual coverage, then propose entry or alias","Unprioritized candidate backlog","Primary reference and bread-usefulness review; exact-name matching does not prove a concept gap"
"rice flour","Rice Flour","https://crust-and-crumb-tawny.vercel.app/term/rice-flour","Published exact name or alias; depth not assessed","Review depth and source support; avoid duplicate entry","Unprioritized candidate backlog","Primary reference and bread-usefulness review; exact-name matching does not prove a concept gap"
"shaping","Shaping","https://crust-and-crumb-tawny.vercel.app/term/shaping","Published exact name or alias; depth not assessed","Review depth and source support; avoid duplicate entry","Unprioritized candidate backlog","Primary reference and bread-usefulness review; exact-name matching does not prove a concept gap"
"tension (scope/alias check)","","","No exact name or alias; contextual coverage needs review","Check contextual coverage, then propose entry or alias","Unprioritized candidate backlog","Primary reference and bread-usefulness review; exact-name matching does not prove a concept gap"
"vital wheat gluten","Vital Wheat Gluten","https://crust-and-crumb-tawny.vercel.app/term/vital-wheat-gluten","Published exact name or alias; depth not assessed","Review depth and source support; avoid duplicate entry","Unprioritized candidate backlog","Primary reference and bread-usefulness review; exact-name matching does not prove a concept gap"
"windowpane (gluten-window alias check)","","","No exact name or alias; contextual coverage needs review","Check contextual coverage, then propose entry or alias","Unprioritized candidate backlog","Primary reference and bread-usefulness review; exact-name matching does not prove a concept gap"
