"id","name","primaryCategory","level"
"acetic-acid","Acetic Acid","Scientific/Technical","Intermediate"
"active-dry-yeast","Active Dry Yeast","Ingredient","Beginner"
"aged-flour","Aged Flour","Grain & Milling","Advanced"
"aleurone-layer","Aleurone Layer","Grain & Milling","Advanced"
"aliquot-jar","Aliquot Jar","Tool","Intermediate"
"all-purpose-flour","All-Purpose Flour","Ingredient","Beginner"
"amaranth","Amaranth","Grain & Milling","Beginner"
"amylase","Amylase","Process","Advanced"
"ancient-grain","Ancient Grain","Grain & Milling","Beginner"
"ascorbic-acid","Ascorbic Acid","Ingredient","Advanced"
"ash-content","Ash Content","Scientific/Technical","Advanced"
"autolyse","Autolyse","Technique","Intermediate"
"babka","Babka","Bread","Intermediate"
"bagel","Bagel","Bread","Intermediate"
"baguette","Baguette","Bread","Advanced"
"bakers-couche","Baker's Couche","Tool","Advanced"
"bakers-percentage","Baker's Percentage","Scientific/Technical","Advanced"
"baking-powder","Baking Powder","Ingredient","Beginner"
"baking-soda","Baking Soda","Ingredient","Beginner"
"baking-steel","Baking Steel","Tool","Advanced"
"baking-stone","Baking Stone","Tool","Beginner"
"banneton","Banneton","Tool","Beginner"
"banneton-liner","Banneton Liner","Tool","Beginner"
"banneton-sticking","Banneton Sticking","Troubleshooting","Beginner"
"barley","Barley","Grain & Milling","Beginner"
"bassinage","Bassinage","Technique","Advanced"
"batard","Batard","Bread","Intermediate"
"belly","Belly","Bread","Intermediate"
"bench-rest","Bench Rest","Process","Intermediate"
"bench-scraper","Bench Scraper","Tool","Beginner"
"bialy","Bialy","Bread","Intermediate"
"biga","Biga","Process","Intermediate"
"blisters","Blisters","Process","Advanced"
"blowout","Blowout","Troubleshooting","Intermediate"
"bolted-flour","Bolted Flour","Ingredient","Intermediate"
"bolting","Bolting","Technique","Intermediate"
"boule","Boule","Bread","Beginner"
"bowl-scraper","Bowl Scraper","Tool","Beginner"
"braiding","Braiding","Technique","Intermediate"
"bran","Bran","Grain & Milling","Beginner"
"bran-sharpness","Bran Sharpness","Scientific/Technical","Advanced"
"bran-soaker","Bran Soaker","Technique","Intermediate"
"bread-flour","Bread Flour","Ingredient","Beginner"
"bread-knife","Bread Knife","Tool","Beginner"
"bread-wheat","Bread Wheat","Grain & Milling","Beginner"
"brine","Brine","Technique","Beginner"
"brioche","Brioche","Bread","Advanced"
"bruhstuck","Brühstück","Technique","Advanced"
"buckwheat","Buckwheat","Grain & Milling","Beginner"
"bulk-fermentation","Bulk Fermentation","Process","Intermediate"
"bulk-rise-target","Bulk Rise Target","Process","Intermediate"
"buttermilk","Buttermilk","Ingredient","Beginner"
"caramelization","Caramelization","Scientific/Technical","Intermediate"
"cast-iron-skillet","Cast Iron Skillet","Tool","Beginner"
"challah","Challah","Bread","Intermediate"
"ciabatta","Ciabatta","Bread","Advanced"
"clear-flour","Clear Flour","Ingredient","Intermediate"
"cloche","Cloche","Tool","Intermediate"
"coil-fold","Coil Fold","Technique","Intermediate"
"cold-bulk","Cold Bulk","Technique","Intermediate"
"cold-proof","Cold Proof","Process","Intermediate"
"colomba","Colomba","Bread","Advanced"
"combo-cooker","Combo Cooker","Tool","Intermediate"
"cooling-rack","Cooling Rack","Tool","Beginner"
"cornmeal","Cornmeal","Ingredient","Beginner"
"cracked-grain","Cracked Grain","Ingredient","Beginner"
"croissant","Croissant","Bread","Advanced"
"cross-score","Cross Score","Technique","Beginner"
"crumb","Crumb","Bread","Beginner"
"crust","Crust","Bread","Beginner"
"damaged-starch","Damaged Starch","Scientific/Technical","Advanced"
"danish-dough-whisk","Danish Dough Whisk","Tool","Beginner"
"degassing","Degassing","Technique","Beginner"
"dense-crumb","Dense Crumb","Troubleshooting","Beginner"
"desired-dough-temperature","Desired Dough Temperature (DDT)","Technique","Advanced"
"detroit-style-pizza","Detroit Style Pizza","Pizza","Intermediate"
"diastatic-malt","Diastatic Malt Powder","Ingredient","Advanced"
"digital-scale","Digital Scale","Tool","Beginner"
"discard","Discard","Ingredient","Beginner"
"docking","Docking","Technique","Beginner"
"dough-container","Dough Container","Tool","Beginner"
"dough-sheeter","Dough Sheeter","Tool","Intermediate"
"durum-wheat","Durum Wheat","Grain & Milling","Intermediate"
"dutch-oven","Dutch Oven","Tool","Beginner"
"ear","Ear","Bread","Advanced"
"egg-wash","Egg Wash","Technique","Beginner"
"einkorn","Einkorn","Grain & Milling","Intermediate"
"elasticity","Elasticity","Scientific/Technical","Advanced"
"emmer","Emmer","Grain & Milling","Intermediate"
"endosperm","Endosperm","Grain & Milling","Beginner"
"english-muffin","English Muffin","Bread","Beginner"
"enriched-dough","Enriched Dough","Bread","Intermediate"
"extensibility","Extensibility","Scientific/Technical","Advanced"
"extraction-rate","Extraction Rate","Scientific/Technical","Intermediate"
"falling-number","Falling Number","Scientific/Technical","Advanced"
"farro","Farro","Grain & Milling","Beginner"
"feeding","Feeding","Process","Beginner"
"feeding-ratio","Feeding Ratio","Process","Beginner"
"fermentation","Fermentation","Process","Intermediate"
"fermentolyse","Fermentolyse","Technique","Intermediate"
"float-test","Float Test","Technique","Beginner"
"flour-freshness","Flour Freshness","Grain & Milling","Beginner"
"flour-strength","Flour Strength","Scientific/Technical","Intermediate"
"flying-crust","Flying Crust","Troubleshooting","Intermediate"
"focaccia","Focaccia","Bread","Beginner"
"fonio","Fonio","Grain & Milling","Beginner"
"fools-crumb","Fool's Crumb","Troubleshooting","Intermediate"
"fougasse","Fougasse","Bread","Intermediate"
"fresh-yeast","Fresh Yeast","Ingredient","Advanced"
"fresh-milled-flour","Fresh-Milled Flour","Grain & Milling","Beginner"
"friction-factor","Friction Factor","Scientific/Technical","Advanced"
"gelatinization","Gelatinization","Process","Advanced"
"germ","Germ","Grain & Milling","Beginner"
"gluten","Gluten","Ingredient","Intermediate"
"gluten-quality","Gluten Quality","Scientific/Technical","Intermediate"
"grain-mill","Grain Mill","Tool","Advanced"
"gummy-crumb","Gummy Crumb","Troubleshooting","Intermediate"
"hard-red-spring-wheat","Hard Red Spring Wheat","Grain & Milling","Beginner"
"hard-red-winter-wheat","Hard Red Winter Wheat","Grain & Milling","Beginner"
"hard-wheat","Hard Wheat","Grain & Milling","Beginner"
"hard-white-wheat","Hard White Wheat","Grain & Milling","Beginner"
"hearth-loaf","Hearth Loaf","Bread","Intermediate"
"heritage-grain","Heritage Grain","Grain & Milling","Beginner"
"high-extraction-flour","High-Extraction Flour","Ingredient","Intermediate"
"hoagie-roll","Hoagie Roll","Bread","Intermediate"
"home-milling","Home Milling","Grain & Milling","Beginner"
"hooch","Hooch","Process","Beginner"
"hydration","Hydration","Scientific/Technical","Intermediate"
"identity-preserved-grain","Identity-Preserved Grain","Grain & Milling","Intermediate"
"impact-mill","Impact Mill","Tool","Beginner"
"inclusions","Inclusions","Ingredient","Intermediate"
"infrared-thermometer","Infrared Thermometer","Tool","Intermediate"
"injera","Injera","Bread","Intermediate"
"inoculation","Inoculation","Scientific/Technical","Intermediate"
"instant-yeast","Instant Yeast","Ingredient","Beginner"
"intensive-mix","Intensive Mix","Technique","Advanced"
"kaiser-roll","Kaiser Roll","Bread","Intermediate"
"khorasan-wheat","Khorasan Wheat","Grain & Milling","Intermediate"
"kneading","Kneading","Technique","Beginner"
"kochstuck","Kochstück","Technique","Advanced"
"lactic-acid","Lactic Acid","Scientific/Technical","Intermediate"
"lactic-acid-bacteria","Lactic Acid Bacteria","Scientific/Technical","Intermediate"
"lame","Lame","Tool","Intermediate"
"laminated-dough","Laminated Dough","Technique","Advanced"
"lamination","Lamination","Technique","Advanced"
"landrace-grain","Landrace Grain","Grain & Milling","Intermediate"
"lava-rocks","Lava Rocks","Tool","Advanced"
"leaf-score","Leaf Score","Technique","Intermediate"
"lean-dough","Lean Dough","Bread","Beginner"
"letter-fold","Letter Fold","Technique","Beginner"
"levain","Levain","Ingredient","Intermediate"
"lievito-madre","Lievito Madre","Ingredient","Advanced"
"lye","Lye (Sodium Hydroxide)","Ingredient","Advanced"
"maillard-reaction","Maillard Reaction","Process","Advanced"
"maltose","Maltose","Scientific/Technical","Intermediate"
"marquis-wheat","Marquis Wheat","Grain & Milling","Intermediate"
"miche","Miche","Bread","Intermediate"
"middlings","Middlings","Grain & Milling","Advanced"
"milk-bread","Milk Bread (Shokupan)","Bread","Intermediate"
"millet","Millet","Grain & Milling","Beginner"
"milling-temperature","Milling Temperature","Grain & Milling","Intermediate"
"modern-wheat","Modern Wheat","Grain & Milling","Beginner"
"mother","Mother","Ingredient","Beginner"
"naan","Naan","Bread","Beginner"
"neapolitan-pizza","Neapolitan Pizza","Pizza","Intermediate"
"new-york-style-pizza","New York Style Pizza","Pizza","Intermediate"
"non-diastatic-malt","Non-Diastatic Malt","Ingredient","Intermediate"
"oats","Oats","Grain & Milling","Beginner"
"osmotolerant-yeast","Osmotolerant Yeast","Ingredient","Advanced"
"oven-spring","Oven Spring","Process","Beginner"
"oven-thermometer","Oven Thermometer","Tool","Beginner"
"overmixing","Overmixing","Troubleshooting","Intermediate"
"overproofed","Overproofed","Troubleshooting","Intermediate"
"overripe-starter","Overripe Starter","Process","Beginner"
"p-l-ratio","P/L Ratio","Scientific/Technical","Advanced"
"pain-de-campagne","Pain de Campagne","Bread","Intermediate"
"pain-de-mie","Pain de Mie","Bread","Intermediate"
"pale-crust","Pale Crust","Troubleshooting","Beginner"
"pancaking","Pancaking","Troubleshooting","Intermediate"
"panettone","Panettone","Bread","Advanced"
"par-baking","Par-Baking","Technique","Intermediate"
"particle-size","Particle Size","Grain & Milling","Intermediate"
"pate-fermentee","Pâte Fermentée","Process","Advanced"
"patent-flour","Patent Flour","Ingredient","Intermediate"
"peak","Peak","Process","Beginner"
"pentosans","Pentosans","Scientific/Technical","Advanced"
"ph","pH","Scientific/Technical","Intermediate"
"pita","Pita","Bread","Beginner"
"pizza-dough-balls","Pizza Dough Balls","Pizza","Beginner"
"pizza-peel","Pizza Peel","Tool","Beginner"
"pizza-stone-steel","Pizza Stone / Steel","Tool","Intermediate"
"poke-test","Poke Test","Technique","Beginner"
"poolish","Poolish","Process","Intermediate"
"pre-shape","Pre-Shape","Process","Intermediate"
"preferment","Preferment","Process","Beginner"
"probe-thermometer","Probe Thermometer","Tool","Beginner"
"proofing","Proofing","Process","Beginner"
"proofing-box","Proofing Box","Tool","Advanced"
"protease","Protease","Process","Advanced"
"protein-content","Protein Content","Scientific/Technical","Beginner"
"pseudocereal","Pseudocereal","Grain & Milling","Beginner"
"pullman-pan","Pullman Pan","Tool","Intermediate"
"pumpernickel","Pumpernickel","Bread","Advanced"
"quellstuck","Quellstück","Technique","Advanced"
"quick-bread","Quick Bread","Bread","Beginner"
"quinoa","Quinoa","Grain & Milling","Beginner"
"red-fife","Red Fife","Grain & Milling","Intermediate"
"retarding","Retarding","Technique","Intermediate"
"retrogradation","Retrogradation","Scientific/Technical","Advanced"
"rice-flour","Rice Flour","Ingredient","Beginner"
"ripe-starter","Ripe Starter","Process","Beginner"
"roasted-garlic","Roasted Garlic","Ingredient","Beginner"
"rolling-pin","Rolling Pin","Tool","Beginner"
"rope","Rope","Troubleshooting","Intermediate"
"rouge-de-bordeaux","Rouge de Bordeaux","Grain & Milling","Intermediate"
"rubaud-method","Rubaud Method","Technique","Intermediate"
"rye-flour","Rye Flour","Ingredient","Advanced"
"salt","Salt","Ingredient","Beginner"
"scald","Scald","Technique","Advanced"
"scalding","Scalding (Milk)","Technique","Intermediate"
"scoring","Scoring","Technique","Intermediate"
"seam","Seam","Process","Beginner"
"semolina-flour","Semolina Flour","Ingredient","Intermediate"
"shaggy-mass","Shaggy Mass","Process","Beginner"
"shaping","Shaping","Technique","Intermediate"
"sifter","Sifter","Tool","Intermediate"
"slap-and-fold","Slap and Fold","Technique","Intermediate"
"soaker","Soaker","Technique","Intermediate"
"pretzels","Soft Pretzels","Bread","Intermediate"
"soft-wheat","Soft Wheat","Grain & Milling","Beginner"
"soft-white-wheat","Soft White Wheat","Grain & Milling","Beginner"
"sonora-wheat","Sonora Wheat","Grain & Milling","Intermediate"
"sorghum","Sorghum","Grain & Milling","Beginner"
"sourdough","Sourdough","Bread","Beginner"
"sourdough-discard","Sourdough Discard","Ingredient","Beginner"
"sourdough-starter","Sourdough Starter","Ingredient","Beginner"
"spelt-flour","Spelt Flour","Ingredient","Intermediate"
"spiral-mixer","Spiral Mixer","Tool","Intermediate"
"sponge","Sponge","Process","Intermediate"
"sprout-damage","Sprout Damage","Scientific/Technical","Advanced"
"sprouted-flour","Sprouted Flour","Ingredient","Intermediate"
"stand-mixer","Stand Mixer","Tool","Beginner"
"starch-attack","Starch Attack","Troubleshooting","Advanced"
"starter-jar","Starter Jar","Tool","Beginner"
"oven-steam","Steam (Baking)","Process","Intermediate"
"stiff-starter","Stiff Starter","Process","Intermediate"
"stitching","Stitching","Technique","Intermediate"
"stone-mill","Stone Mill","Tool","Intermediate"
"straight-grade-flour","Straight Grade Flour","Ingredient","Intermediate"
"stretch-and-fold","Stretch and Fold","Technique","Beginner"
"surface-tension","Surface Tension","Technique","Beginner"
"tangzhong","Tangzhong","Technique","Advanced"
"teff","Teff","Grain & Milling","Beginner"
"tempering","Tempering","Grain & Milling","Advanced"
"tenacity","Tenacity","Scientific/Technical","Advanced"
"tension-pull","Tension Pull","Technique","Intermediate"
"terroir","Terroir","Grain & Milling","Intermediate"
"titratable-acidity","Titratable Acidity","Scientific/Technical","Advanced"
"triticale","Triticale","Grain & Milling","Intermediate"
"tunneling","Tunneling","Troubleshooting","Intermediate"
"turkey-red","Turkey Red","Grain & Milling","Intermediate"
"turning-peel","Turning Peel","Tool","Advanced"
"type-00-flour","Type 00 Flour","Ingredient","Beginner"
"type-flour","Type Flour","Ingredient","Intermediate"
"underfermented","Underfermented","Troubleshooting","Intermediate"
"underproofed","Underproofed","Troubleshooting","Intermediate"
"vital-wheat-gluten","Vital Wheat Gluten","Ingredient","Advanced"
"vollkornbrot","Vollkornbrot","Bread","Advanced"
"w-value","W Value","Scientific/Technical","Advanced"
"wheat-berry","Wheat Berry","Grain & Milling","Beginner"
"wheat-class","Wheat Class","Grain & Milling","Beginner"
"wheat-stalk-score","Wheat Stalk Score","Technique","Intermediate"
"whole-wheat-flour","Whole Wheat Flour","Ingredient","Intermediate"
"windowpane-test","Windowpane Test","Technique","Beginner"
"yeast","Yeast","Ingredient","Beginner"
"yeast-water","Yeast Water","Ingredient","Intermediate"
"young-levain","Young Levain","Process","Intermediate"
"yudane","Yudane","Technique","Intermediate"
"zest","Zest","Ingredient","Beginner"
