"url","title","sourceSystem","terms","verification"
"https://bakinggreatbread.blog/2022/08/01/henrys-cheddar-and-basil-loaf/","Henry’s Cheddar and Basil Loaf","BakingGreatBread.blog","active-dry-yeast | all-purpose-flour | instant-yeast","Imported destination; not individually verified in this release"
"https://bakinggreatbread.blog/2024/08/30/exploring-flour-types-from-all-purpose-to-climate-friendly-options-baking-innovation/","Exploring Climate Blend Flour for Sustainable Baking","BakingGreatBread.blog","all-purpose-flour | bread-flour | whole-wheat-flour","Imported destination; not individually verified in this release"
"https://bakinggreatbread.blog/2022/08/22/brioche-hamburger-buns/","Brioche Hamburger Buns","BakingGreatBread.blog","all-purpose-flour | brioche","Imported destination; not individually verified in this release"
"https://bakinggreatbread.blog/2026/05/10/spring-changed-the-room-baking-through-seasons-part-2/","Spring Changed the Room: How Warmer Weather Affects Your Sourdough","BakingGreatBread.blog","amylase","Imported destination; not individually verified in this release"
"https://bakinggreatbread.blog/2025/04/17/ancient-grain-flour-baking-guide/","Ancient Grain Flour Baking","BakingGreatBread.blog","ancient-grain | einkorn | farro | fresh-milled-flour | khorasan-wheat | modern-wheat | spelt-flour","Imported destination; not individually verified in this release"
"https://bakinggreatbread.blog/2023/09/21/the-essential-role-of-knife-sharpening-in-your-bread-baking-journey/","The Essential Role of Knife Sharpening in Your Bread Baking Journey","BakingGreatBread.blog","ancient-grain","Imported destination; not individually verified in this release"
"https://bakinggreatbread.blog/2023/08/17/bread-baking-glossary/","Bread Bakers Glossary of Terms","BakingGreatBread.blog","ancient-grain | ash-content | autolyse | biga | diastatic-malt | poolish | semolina-flour","Imported destination; not individually verified in this release"
"https://www.youtube.com/watch?v=hd9JDXcX3Xk","The Pocket: 14,000 Years of the World's Simplest Bread  #Pita #BreadHistory #PocketPita","YouTube","ancient-grain","Imported destination; not individually verified in this release"
"https://www.youtube.com/watch?v=BaMmKHKnzjA","The First Rise: The Accidental Invention of Sourdough | Crust & Crumb Academy","YouTube","ancient-grain | einkorn","Imported destination; not individually verified in this release"
"https://www.youtube.com/watch?v=4VWWLafl254","Legend of Nyah: How a Mom's 'Time Out' Birthed Sourdough | Breaking Bread Podcast","YouTube","ancient-grain","Imported destination; not individually verified in this release"
"https://www.youtube.com/watch?v=YVbZbHs3lp8","🎙️ New Episode Alert! Breaking Bread - Episode 4: Ancient Grains: Rediscovering the Roots of Bread 🌾","YouTube","ancient-grain | einkorn | spelt-flour","Imported destination; not individually verified in this release"
"https://recipepantry.app/recipes/fresh-milled-khorasan-pizza-dough","Fresh-Milled Khorasan Pizza Dough","Recipe Pantry","ancient-grain","Imported destination; not individually verified in this release"
"https://www.youtube.com/watch?v=NnUKFs_dGSQ","Member Spotlight: Candi Brown-McGriff on What Flour Labels Really Mean  #breadbaking #sourdough","YouTube","ash-content | protein-content","Imported destination; not individually verified in this release"
"https://www.youtube.com/watch?v=OIAqEnqiCfM","Ash Content | Crust & Crumb Word of the Day  #breadbaking #artisanbread #homebaking #sourdoughbread","YouTube","ash-content | whole-wheat-flour","Imported destination; not individually verified in this release"
"https://www.youtube.com/watch?v=GCTIo4U7JTw","The Only Flour Course You'll Ever Need (And It's Free) | Flour Deep Dive Overview","YouTube","ash-content","Imported destination; not individually verified in this release"
"https://bakinggreatbread.blog/2026/09/10/how-to-braid-round-challah/","How to Braid a Round Challah That Holds Its Shape","BakingGreatBread.blog","autolyse | bulk-fermentation | challah | cold-proof | flying-crust | gluten | gummy-crumb | hydration | oven-spring | overproofed | poke-test | sourdough-starter | stretch-and-fold | underproofed | windowpane-test","Imported destination; not individually verified in this release"
"https://bakinggreatbread.blog/2025/10/03/fall-in-love-with-baking-spicing-up-your-bread-game-%f0%9f%8d%82%f0%9f%a5%96/","Fall in Love with Baking: Spicing Up Your Bread Game 🍂🥖","BakingGreatBread.blog","autolyse | lamination","Imported destination; not individually verified in this release"
"https://bakinggreatbread.blog/2025/09/28/henrys-big-gooey-cinnamon-rolls/","Henry’s Big, Gooey Cinnamon Rolls","BakingGreatBread.blog","autolyse | fermentation | tangzhong","Imported destination; not individually verified in this release"
"https://bakinggreatbread.blog/2025/09/27/henrys-tangzhong-cinnamon-rolls-or-big-gooey-tangzhong-cinnamon-rolls/","Henry’s Big, Gooey Cinnamon Rolls (24 Rolls)","BakingGreatBread.blog","autolyse | tangzhong","Imported destination; not individually verified in this release"
"https://www.youtube.com/watch?v=k3v7IR0ELYU","My Foolproof Sourdough Loaf, Start to Finish","YouTube","autolyse | banneton | bulk-fermentation | dutch-oven | scoring","Imported destination; not individually verified in this release"
"https://www.youtube.com/watch?v=5TxQ9iVKwe0","Why Your Sourdough Dough Changes After Fermentolyse | Rubaud Method Explained","YouTube","autolyse","Imported destination; not individually verified in this release"
"https://www.youtube.com/watch?v=MWq6ThRKbjE","What is Fermentolyse | Crust & Crumb Academy #sourdough #artisanbread #breadbaking #homebaking","YouTube","autolyse","Imported destination; not individually verified in this release"
"https://www.youtube.com/watch?v=BjNDlsWQsTE","Autolyse | Crust & Crumb Word of the Day #breadbaking #artisanbread #sourdough #homebaking","YouTube","autolyse","Imported destination; not individually verified in this release"
"https://pantry.bakinggreatbread.com/recipes/apple-fritter-focaccia","Apple Fritter Focaccia","Recipe Pantry","autolyse | bulk-fermentation | hydration | levain | sourdough-starter","Imported destination; not individually verified in this release"
"https://recipepantry.app/recipes/buckwheat-sourdough-bread","Buckwheat Sourdough Bread","Recipe Pantry","autolyse | banneton | dutch-oven | lame | levain | scoring | sourdough-starter","Imported destination; not individually verified in this release"
"https://recipepantry.app/recipes/classic-brioche-bread","Brioche Bread","Recipe Pantry","autolyse | cold-proof | tangzhong | windowpane-test","Imported destination; not individually verified in this release"
"https://recipepantry.app/recipes/classic-french-batard","Classic French Batard with Pâte Fermentée","Recipe Pantry","autolyse | bakers-couche | banneton | dutch-oven | lame | overproofed | poolish | scoring","Imported destination; not individually verified in this release"
"https://recipepantry.app/recipes/classic-neapolitan-pizza-dough","Classic Neapolitan Pizza Dough","Recipe Pantry","autolyse | poke-test | windowpane-test","Imported destination; not individually verified in this release"
"https://bakinggreatbread.blog/2023/06/29/%f0%9f%8d%9e-to-salt-or-not-to-salt/","🍞 To Salt or Not to Salt:","BakingGreatBread.blog","autolyse","Imported destination; not individually verified in this release"
"https://bakinggreatbread.blog/2025/12/06/chocolate-babka-recipe/","Holiday Chocolate Babka: The Perfect Gift Bread for Your Give Bread Instead Campaign","BakingGreatBread.blog","babka","Imported destination; not individually verified in this release"
"https://bakinggreatbread.blog/2025/11/05/henrys-pistachio-babka-twists/","Henry’s Pistachio Babka Twists","BakingGreatBread.blog","babka","Imported destination; not individually verified in this release"
"https://bakinggreatbread.blog/2023/10/24/chocolate-babka-recipe-2/","Chocolate Babka Recipe","BakingGreatBread.blog","babka","Imported destination; not individually verified in this release"
"https://bakinggreatbread.blog/2023/01/31/babka-recipe-with-nutella-and-chopped-nuts/","Babka Recipe with Nutella and Chopped Nuts","BakingGreatBread.blog","babka","Imported destination; not individually verified in this release"
"https://bakinggreatbread.blog/2022/08/08/chocolate-babka/","Chocolate Babka","BakingGreatBread.blog","babka","Imported destination; not individually verified in this release"
"https://bakinggreatbread.blog/2025/02/01/homemade-bagel-recipe/","Homemade Bagel Recipe","BakingGreatBread.blog","bagel","Imported destination; not individually verified in this release"
"https://bakinggreatbread.blog/2026/02/01/vietnamese-banh-mi-bake-along/","When 20 Bakers Made Vietnamese Baguettes Through a Snowstorm (And What Happened Next)","BakingGreatBread.blog","baguette","Imported destination; not individually verified in this release"
"https://bakinggreatbread.blog/2025/04/09/vietnamese-banh-mi-baguette/","Vietnamese Bánh Mì Baguette","BakingGreatBread.blog","baguette","Imported destination; not individually verified in this release"
"https://bakinggreatbread.blog/2025/02/19/donnas-baguette-recipe/","Mastering the Art of Baguette Baking with Donna May","BakingGreatBread.blog","baguette","Imported destination; not individually verified in this release"
"https://bakinggreatbread.blog/2025/01/04/sourdough-baguettes/","Sourdough Baguettes","BakingGreatBread.blog","baguette","Imported destination; not individually verified in this release"
"https://bakinggreatbread.blog/2022/10/03/life-is-pain-baguette-demi-baguette-pain-de-epi/","Life is pain – Baguette/demi baguette/pain de epi","BakingGreatBread.blog","baguette | fresh-yeast | instant-yeast","Imported destination; not individually verified in this release"
"https://bakinggreatbread.blog/2025/01/01/vietnamese-banh-mi/","Vietnamese Bánh Mì","BakingGreatBread.blog","baguette","Imported destination; not individually verified in this release"
"https://bakinggreatbread.blog/2026/05/18/sourdough-baking-schedule-9-to-5/","Can You Make Sourdough If You Work a 9-to-5? The Honest Answer From a Baker Who’s Done It Both Ways","BakingGreatBread.blog","bakers-couche | baking-steel | bench-scraper | bulk-fermentation | coil-fold | crumb | desired-dough-temperature | hydration | lame | levain | shaping | sourdough-starter | stretch-and-fold","Imported destination; not individually verified in this release"
"https://www.youtube.com/watch?v=tvvtAWKiUSs","The Artisan Baguette: Choosing Your Fermentation Path","YouTube","bakers-couche | poolish","Imported destination; not individually verified in this release"
"https://www.youtube.com/watch?v=HFvtaxuQZ3s","How to Shape a Baguette (Or a Sub Roll). The Move Most Home Bakers Get Wrong","YouTube","bakers-couche","Imported destination; not individually verified in this release"
"https://www.youtube.com/watch?v=8-f9uByObmw","HOW TO MAKE: CIABATTA BREAD  (Part 3, June 27th, 2020)","YouTube","bakers-couche","Imported destination; not individually verified in this release"
"https://www.youtube.com/watch?v=7RDFEWFW2cM","HOW TO MAKE: FRENCH BAGUETTE (Live Event June 13th, 2020)","YouTube","bakers-couche","Imported destination; not individually verified in this release"
"https://recipepantry.app/recipes/classic-poolish-baguette","Classic Poolish Baguette","Recipe Pantry","bakers-couche | coil-fold | hydration | lame | poke-test | poolish","Imported destination; not individually verified in this release"
"https://recipepantry.app/recipes/quick-ciabatta","""I Don't Have Time For All of That"" Ciabatta","Recipe Pantry","bakers-couche","Imported destination; not individually verified in this release"
"https://recipepantry.app/recipes/sourdough-baguettes","Sourdough Baguettes","Recipe Pantry","bakers-couche","Imported destination; not individually verified in this release"
"https://bakinggreatbread.blog/2023/06/29/%f0%9f%93%a3%f0%9f%8d%9e-understanding-the-bakers-percentage/","📣🍞 UNDERSTANDING THE BAKER’S PERCENTAGE:","BakingGreatBread.blog","bakers-percentage","Imported destination; not individually verified in this release"
"https://bakinggreatbread.blog/2023/06/13/%f0%9f%93%bd-introduction-to-the-bakers-percentage/","📽 Introduction to the Baker’s Percentage","BakingGreatBread.blog","bakers-percentage","Imported destination; not individually verified in this release"
"https://bakinggreatbread.blog/2024/02/21/the-art-of-choosing-the-right-proofing-basket/","The Art of Choosing the Right Proofing Basket","BakingGreatBread.blog","banneton","Imported destination; not individually verified in this release"
"https://bakinggreatbread.blog/2026/04/22/rustic-italian-ciabatta-yeasted-sourdough/","Rustic Italian Ciabatta: Yeasted vs. Sourdough (And Why You Should Bake Both This Week)","BakingGreatBread.blog","banneton | biga | ciabatta | hydration | poolish | scoring | shaping | stretch-and-fold","Imported destination; not individually verified in this release"
"https://bakinggreatbread.blog/2026/04/01/bulk-fermentation-vs-cold-retard/","Bulk Fermentation vs. Cold Retard: What Each Phase Actually Does","BakingGreatBread.blog","banneton | bulk-fermentation | cold-proof | fermentation | pate-fermentee","Imported destination; not individually verified in this release"
"https://bakinggreatbread.blog/2025/02/05/artisan-sourdough-bread/","Multigrain Sourdough Bread","BakingGreatBread.blog","banneton","Imported destination; not individually verified in this release"
"https://www.youtube.com/watch?v=fhqgK131-tM","Final Shaping & Seed Coating: Wet Cloth Trick for Perfect Adhesion #hydrophobiccoating","YouTube","banneton","Imported destination; not individually verified in this release"
"https://www.youtube.com/watch?v=ubJWmOAN684","Henry's Foolproof Sourdough Recipe--Start to Finish","YouTube","banneton","Imported destination; not individually verified in this release"
"https://www.youtube.com/watch?v=4NLUdIzvRSc","Preparing my sourdough loaf for the oven￼","YouTube","banneton","Imported destination; not individually verified in this release"
"https://recipepantry.app/recipes/artisan-gluten-free-multigrain-boule","Artisan Gluten-Free Multigrain Boule","Recipe Pantry","banneton | dutch-oven | lame | scoring | whole-wheat-flour","Imported destination; not individually verified in this release"
"https://recipepantry.app/recipes/country-sourdough-levain","Country Sourdough with Levain","Recipe Pantry","banneton | lame | levain","Imported destination; not individually verified in this release"
"https://recipepantry.app/recipes/cranberry-walnut-sourdough","Cranberry Walnut Bread","Recipe Pantry","banneton | hydration | levain | overproofed | scoring | underproofed","Imported destination; not individually verified in this release"
"https://www.youtube.com/watch?v=pBbpNoAqGsI","Pre-Shape Like a Baker: Folding, Tension, and the Bench Rest (No Talking, Just Technique)","YouTube","bench-scraper","Imported destination; not individually verified in this release"
"https://www.youtube.com/watch?v=VqW5Shk3B8Y","Stop Over-Handling Your Dough | My Simple Shape Flow From Proof to Pre-Shape","YouTube","bench-scraper","Imported destination; not individually verified in this release"
"https://pantry.bakinggreatbread.com/recipes/bremer-klaben","Bremer Klaben","Recipe Pantry","bench-scraper | cold-proof | lamination | sourdough-starter | windowpane-test","Imported destination; not individually verified in this release"
"https://pantry.bakinggreatbread.com/recipes/christmas-tree-pull-apart-bread","Christmas Tree Pull-Apart Bread","Recipe Pantry","bench-scraper","Imported destination; not individually verified in this release"
"https://pantry.bakinggreatbread.com/recipes/danish-almond-kringle","Danish Almond Kringle","Recipe Pantry","bench-scraper","Imported destination; not individually verified in this release"
"https://pantry.bakinggreatbread.com/recipes/holiday-star-bread-sweet","Holiday Star Bread, Sweet","Recipe Pantry","bench-scraper","Imported destination; not individually verified in this release"
"https://pantry.bakinggreatbread.com/recipes/lievito-madre-conversion","Lievito Madre from Your Starter","Recipe Pantry","bench-scraper","Imported destination; not individually verified in this release"
"https://bakinggreatbread.blog/2026/07/20/summer-garden-focaccia/","Summer Garden Focaccia, Two Ways","BakingGreatBread.blog","biga | focaccia | poolish | sourdough-starter","Imported destination; not individually verified in this release"
"https://bakinggreatbread.blog/2026/04/22/high-hydration-bread-wet-dough-beginners/","Why Wet Dough Terrifies Beginners (And Why It Shouldn’t)","BakingGreatBread.blog","biga | ciabatta | hydration | levain | poolish | stretch-and-fold","Imported destination; not individually verified in this release"
"https://bakinggreatbread.blog/2026/03/10/bulk-fermentation-sourdough-signs/","3 Signs Your Bulk Fermentation Is Done (Stop Guessing)","BakingGreatBread.blog","biga | bulk-fermentation | fermentation | poolish","Imported destination; not individually verified in this release"
"https://bakinggreatbread.blog/2026/03/01/bread-washes-what-to-use-and-when/","Bread Washes: What to Use and When","BakingGreatBread.blog","biga | egg-wash | poolish","Imported destination; not individually verified in this release"
"https://www.youtube.com/watch?v=S7Vsh77cYMM","Biga: Strength, Structure, and Control | Module 3 | Crust & Crumb Academy","YouTube","biga","Imported destination; not individually verified in this release"
"https://pantry.bakinggreatbread.com/recipes/your-first-panettone","Your First Panettone","Recipe Pantry","biga","Imported destination; not individually verified in this release"
"https://bakinggreatbread.blog/2018/05/25/the-many-faces-of-sourdough/","The many faces of sourdough.","BakingGreatBread.blog","boule","Imported destination; not individually verified in this release"
"https://bakinggreatbread.blog/2025/01/25/freshstart-challenge-sweet-rolls-with-stevia/","#FreshStart Challenge: Sweet Rolls with Stevia","BakingGreatBread.blog","bread-flour","Imported destination; not individually verified in this release"
"https://bakinggreatbread.blog/2023/11/21/henrys-crusty-white-bread-recipe/","Henry’s Crusty White Bread Recipe","BakingGreatBread.blog","bread-flour | dutch-oven","Imported destination; not individually verified in this release"
"https://bakinggreatbread.blog/2025/03/12/brioche-bread-recipe/","Brioche – The Buttery, Eggy Bread That’s Worth It","BakingGreatBread.blog","brioche","Imported destination; not individually verified in this release"
"https://bakinggreatbread.blog/2024/08/09/brioche-pasta-madre-recipe-experiment/","Exploring Brioche: A Delicious Adventure with Pasta Madre","BakingGreatBread.blog","brioche","Imported destination; not individually verified in this release"
"https://bakinggreatbread.blog/2025/03/20/member-spotlight-debbie-eckerstein/","Member Spotlight: Debbie Eckstein","BakingGreatBread.blog","brioche","Imported destination; not individually verified in this release"
"https://bakinggreatbread.blog/2024/02/28/the-art-of-making-enriched-breads/","The Art of Making Enriched Breads","BakingGreatBread.blog","brioche","Imported destination; not individually verified in this release"
"https://bakinggreatbread.blog/2023/11/18/holiday-pumpkin-bread-pudding-with-spiced-apple-cider-butter-sauce-and-candied-pecans/","Holiday Pumpkin Bread Pudding with Spiced Apple Cider Butter Sauce and Candied Pecans","BakingGreatBread.blog","brioche","Imported destination; not individually verified in this release"
"https://bakinggreatbread.blog/2026/08/07/state-fair-bread-competition/","State Fair Bread Competition: A First-Timer’s Guide","BakingGreatBread.blog","bulk-fermentation | scoring","Imported destination; not individually verified in this release"
"https://bakinggreatbread.blog/2026/07/19/tomato-basil-sourdough/","Tomato Basil Sourdough: Summer’s Picnic Loaf","BakingGreatBread.blog","bulk-fermentation | cold-proof | hydration | scoring | sourdough-starter | spelt-flour","Imported destination; not individually verified in this release"
"https://www.youtube.com/watch?v=c_BvJnWC8JQ","Why Your Sourdough Came Out Dense (Read the Crumb, Find the Cause)","YouTube","bulk-fermentation | overproofed | underproofed","Imported destination; not individually verified in this release"
"https://www.youtube.com/watch?v=pCcIO7rXWnk","I Built a Tool That Tells You When Bulk Fermentation Is Done","YouTube","bulk-fermentation","Imported destination; not individually verified in this release"
"https://www.youtube.com/watch?v=N31SKJLr7K4","Stop Guessing Bulk Fermentation | The Jelly Jar Method (50% Rise Explained)","YouTube","bulk-fermentation","Imported destination; not individually verified in this release"
"https://recipepantry.app/recipes/bakery-style-hot-dog-buns","Bakery-Style Hot Dog Buns","Recipe Pantry","bulk-fermentation | sourdough-starter | tangzhong | windowpane-test","Imported destination; not individually verified in this release"
"https://recipepantry.app/recipes/brown-butter-peach-cobbler-cinnamon-rolls","Brown Butter Peach Cobbler Cinnamon Rolls","Recipe Pantry","bulk-fermentation | tangzhong","Imported destination; not individually verified in this release"
"https://recipepantry.app/recipes/everything-bagel-sourdough","Everything Bagel Sourdough","Recipe Pantry","bulk-fermentation | poke-test | stretch-and-fold","Imported destination; not individually verified in this release"
"https://recipepantry.app/recipes/first-yeast-water-loaf","Your First Yeast Water Loaf","Recipe Pantry","bulk-fermentation | oven-spring | stretch-and-fold | yeast-water","Imported destination; not individually verified in this release"
"https://from-oven-to-market.lovable.app/pro","Recipe Pantry Pro","From Oven to Market","bulk-fermentation | levain | rye-flour","Imported destination; not individually verified in this release"
"https://bakinggreatbread.blog/2025/05/05/bulk-fermentation/","Mastering Bulk Fermentation for Sourdough and Yeasted Bread","BakingGreatBread.blog","bulk-fermentation | fermentation","Imported destination; not individually verified in this release"
"https://bakinggreatbread.blog/2024/02/14/henrys-sourdough-bread-making-process-a-straightforward-guide/","Henry’s Sourdough Bread-Making Process: A Straightforward Guide","BakingGreatBread.blog","bulk-fermentation | shaping | whole-wheat-flour","Imported destination; not individually verified in this release"
"https://bakinggreatbread.blog/2024/01/09/the-science-behind-perfect-crust/","The Science Behind Perfect Crust","BakingGreatBread.blog","caramelization | maillard-reaction","Imported destination; not individually verified in this release"
"https://bakinggreatbread.blog/2024/12/20/the-story-behind-my-challah/","The Story Behind My Challah ✨🍞","BakingGreatBread.blog","challah","Imported destination; not individually verified in this release"
"https://bakinggreatbread.blog/2024/10/22/sourdough-challah-orange/","Sourdough Challah","BakingGreatBread.blog","challah","Imported destination; not individually verified in this release"
"https://bakinggreatbread.blog/2024/01/29/sourdough-discard-challah-bread/","Sourdough Discard. Challah Bread","BakingGreatBread.blog","challah | discard | sourdough-discard","Imported destination; not individually verified in this release"
"https://bakinggreatbread.blog/2023/08/05/mastering-the-art-of-challah/","“Mastering the Art of Challah:","BakingGreatBread.blog","challah","Imported destination; not individually verified in this release"
"https://bakinggreatbread.blog/2023/06/28/unveiling-the-sacred-tradition-of-challah/","Unveiling the Sacred Tradition of Challah:","BakingGreatBread.blog","challah","Imported destination; not individually verified in this release"
"https://bakinggreatbread.blog/2025/01/04/ciabatta-bread-recipe/","Ciabatta Bread Recipe","BakingGreatBread.blog","ciabatta","Imported destination; not individually verified in this release"
"https://www.youtube.com/watch?v=ElKUIQ6ROz0","Hang Out With Me: Toasted Sesame Sourdough at 80% Hydration","YouTube","coil-fold | hydration","Imported destination; not individually verified in this release"
"https://www.youtube.com/watch?v=-CYJLw9tLyE","The Little Yeast Water Loaf That Could (Wet, Sloppy, and Beautiful)","YouTube","coil-fold | yeast-water","Imported destination; not individually verified in this release"
"https://www.youtube.com/watch?v=vkbq9-dLYyw","The Second Coil Fold, Why Gentle Hands Build Better Bread","YouTube","coil-fold","Imported destination; not individually verified in this release"
"https://www.youtube.com/watch?v=Zz16BORkOFE","The First Coil Fold (Plus Why You Toast Your Seeds)","YouTube","coil-fold","Imported destination; not individually verified in this release"
"https://recipepantry.app/recipes/foolproof-sourdough-loaf","Henry's Foolproof Sourdough Loaf","Recipe Pantry","coil-fold","Imported destination; not individually verified in this release"
"https://recipepantry.app/recipes/foolproof-whole-wheat-seeded-sourdough","Henry's Foolproof Whole Wheat Seeded Sourdough","Recipe Pantry","coil-fold","Imported destination; not individually verified in this release"
"https://recipepantry.app/recipes/foolproof-yeasted-loaf","Henry's Foolproof Yeasted Loaf","Recipe Pantry","coil-fold","Imported destination; not individually verified in this release"
"https://recipepantry.app/recipes/henrys-country-sourdough","Henry's Country Sourdough","Recipe Pantry","coil-fold | oven-spring | stretch-and-fold","Imported destination; not individually verified in this release"
"https://www.youtube.com/watch?v=1w-pc4hryfA","Retard | Crust & Crumb Word of the Day","YouTube","cold-proof","Imported destination; not individually verified in this release"
"https://www.youtube.com/watch?v=pVn70iTaFlw","Babka Secrets Most Bakers Never Learn | Enriched Dough, Fillings, and the Cold Retard Explained","YouTube","cold-proof","Imported destination; not individually verified in this release"
"https://www.youtube.com/watch?v=WLtlnqGIYi0","The Cold Retard: Why Your Refrigerator Is Your Secret Weapon | Crust & Crumb Academy","YouTube","cold-proof","Imported destination; not individually verified in this release"
"https://www.youtube.com/watch?v=osVKOsogSaI","Sourdough Bulk Fermentation vs. Cold Retard — What Each Phase Actually Does","YouTube","cold-proof","Imported destination; not individually verified in this release"
"https://recipepantry.app/recipes/cinnamon-babka","Cinnamon Babka","Recipe Pantry","cold-proof","Imported destination; not individually verified in this release"
"https://recipepantry.app/recipes/classic-new-york-style-bagels","Classic New York Style Bagels","Recipe Pantry","cold-proof | dutch-oven | oven-spring | poke-test | windowpane-test","Imported destination; not individually verified in this release"
"https://pantry.bakinggreatbread.com/recipes/cranberry-orange-loaf","Cranberry Orange Loaf","Recipe Pantry","cold-proof | levain","Imported destination; not individually verified in this release"
"https://bakinggreatbread.blog/2026/03/29/why-easter-is-a-bread-holiday/","Why Easter Is a Bread Holiday","BakingGreatBread.blog","colomba","Imported destination; not individually verified in this release"
"https://www.youtube.com/watch?v=2ej4yaTsQqA","Why Brioche Is Easier Than Sourdough (And Harder Than You Think)","YouTube","crumb","Imported destination; not individually verified in this release"
"https://www.youtube.com/watch?v=YjJA4acDT2s","Breaking Bread Podcast: Open Crumb","YouTube","crumb","Imported destination; not individually verified in this release"
"https://www.youtube.com/watch?v=TNnP0Sy6DWg","This is my Foolproof Sourdough Loaf with inclusions.","YouTube","crumb","Imported destination; not individually verified in this release"
"https://www.youtube.com/watch?v=kRg-pZUNFao","Cheddar and Basil Sourdough Bread￼","YouTube","crumb","Imported destination; not individually verified in this release"
"https://bakinggreatbread.blog/2024/10/17/why-measuring-flour-with-a-digital-scale-can-transform-your-baking/","“Why Measuring Flour with a Digital Scale Beats Measuring by Cups”","BakingGreatBread.blog","digital-scale","Imported destination; not individually verified in this release"
"https://bakinggreatbread.blog/2025/04/20/hybrid-sourdough-sandwich-bread/","Hybrid Sourdough Sandwich Bread","BakingGreatBread.blog","discard","Imported destination; not individually verified in this release"
"https://bakinggreatbread.blog/2024/02/02/sourdough-discard-pretzels/","Sourdough Discard Pretzels","BakingGreatBread.blog","discard | sourdough-discard","Imported destination; not individually verified in this release"
"https://bakinggreatbread.blog/2024/02/02/sourdough-discard-bread/","Sourdough Discard Bread","BakingGreatBread.blog","discard | sourdough-discard","Imported destination; not individually verified in this release"
"https://bakinggreatbread.blog/2024/01/29/sourdough-discard-challah-bread-2/","Chocolate Chip Sourdough Biscotti","BakingGreatBread.blog","discard | sourdough-discard","Imported destination; not individually verified in this release"
"https://www.youtube.com/watch?v=s4QZ4Iiip5M","Your Sourdough Starter Isn't Dead. She's Just Dramatic.","YouTube","discard | hooch | sourdough-starter","Imported destination; not individually verified in this release"
"https://www.youtube.com/watch?v=xjSReFKs_Rg","Starter Care","YouTube","discard","Imported destination; not individually verified in this release"
"https://recipepantry.app/recipes/fudgy-sourdough-discard-brownies","Fudgy Sourdough Discard Brownies","Recipe Pantry","discard","Imported destination; not individually verified in this release"
"https://recipepantry.app/recipes/kids-can-bake-sourdough-discard-pancakes","Kids Can Bake: Sourdough Discard Pancakes","Recipe Pantry","discard","Imported destination; not individually verified in this release"
"https://recipepantry.app/recipes/naan-bread","Naan Bread","Recipe Pantry","discard","Imported destination; not individually verified in this release"
"https://recipepantry.app/recipes/sourdough-breadsticks","Sourdough Breadsticks","Recipe Pantry","discard","Imported destination; not individually verified in this release"
"https://recipepantry.app/recipes/sourdough-discard-banana-bread","Sourdough Discard Banana Bread","Recipe Pantry","discard","Imported destination; not individually verified in this release"
"https://bakinggreatbread.blog/2024/10/22/dutch-oven-vs-baking-shell/","Dutch Oven vs. Baking Shell","BakingGreatBread.blog","dutch-oven | oven-spring","Imported destination; not individually verified in this release"
"https://www.youtube.com/watch?v=Hic3fcLNp_M","Why Your Dutch Oven Makes Better Bread (Enclosed Baking Explained) | Oven Setup and Steam Lesson 2","YouTube","dutch-oven | oven-spring","Imported destination; not individually verified in this release"
"https://www.youtube.com/watch?v=VdxdlMnZLq8","Why Steam Matters When Baking Bread (And What Your Oven Is Actually Doing)","YouTube","dutch-oven | gelatinization | oven-spring","Imported destination; not individually verified in this release"
"https://www.youtube.com/watch?v=1H-lOuBTGAM","Your First Yeasted Loaf (What Nobody Tells You)","YouTube","dutch-oven","Imported destination; not individually verified in this release"
"https://pantry.bakinggreatbread.com/recipes/christmas-jam","Christmas Jam","Recipe Pantry","dutch-oven","Imported destination; not individually verified in this release"
"https://bakinggreatbread.blog/2023/10/12/the-science-of-sourdough-how-flour-choices-affect-your-bread/","The Science of Sourdough: How Flour Choices Affect Your Bread","BakingGreatBread.blog","einkorn","Imported destination; not individually verified in this release"
"https://recipepantry.app/recipes/fresh-milled-einkorn-sourdough","Fresh-Milled Einkorn Sourdough","Recipe Pantry","einkorn | spelt-flour | whole-wheat-flour","Imported destination; not individually verified in this release"
"https://recipepantry.app/recipes/fresh-milled-einkorn-yeasted","Fresh-Milled Einkorn Yeasted Bread","Recipe Pantry","einkorn | spelt-flour","Imported destination; not individually verified in this release"
"https://recipepantry.app/recipes/soft-einkorn-chocolate-chip-cookies","Soft Einkorn Chocolate-Chip Cookies","Recipe Pantry","einkorn","Imported destination; not individually verified in this release"
"https://recipepantry.app/recipes/whole-emmer-farro-pilaf","Whole Emmer Farro Pilaf","Recipe Pantry","farro","Imported destination; not individually verified in this release"
"https://bakinggreatbread.blog/2023/11/25/bread-science/","Bread Science","BakingGreatBread.blog","feeding","Imported destination; not individually verified in this release"
"https://bakinggreatbread.blog/2022/10/03/proofing-and-fermentation/","Proofing and Fermentation","BakingGreatBread.blog","fermentation","Imported destination; not individually verified in this release"
"https://bakinggreatbread.blog/2025/05/14/why-summer-changes-your-dough/","Why Summer Changes Your Dough","BakingGreatBread.blog","fermentation","Imported destination; not individually verified in this release"
"https://bakinggreatbread.blog/2025/11/19/easy-rosemary-sea-salt-focacciarecipe-summary/","Easy Rosemary Sea Salt Focaccia Recipe Summary:","BakingGreatBread.blog","focaccia","Imported destination; not individually verified in this release"
"https://bakinggreatbread.blog/2025/10/30/easy-rosemary-sea-salt-focaccia-recipe/","Rosemary & Sea Salt Focaccia","BakingGreatBread.blog","focaccia","Imported destination; not individually verified in this release"
"https://bakinggreatbread.blog/2024/10/25/herb-infused-focaccia/","Herb-Infused Focaccia","BakingGreatBread.blog","focaccia","Imported destination; not individually verified in this release"
"https://bakinggreatbread.blog/2024/09/02/grilled-chicken-and-pesto-focaccia-sandwiches-a-king-arthur-flour-masterpiece/","🥪 Grilled Chicken and Pesto Focaccia Sandwiches: A King Arthur Flour Masterpiece","BakingGreatBread.blog","focaccia","Imported destination; not individually verified in this release"
"https://bakinggreatbread.blog/2024/07/03/focaccia-crafting-aromatic-herb-infused-bread/","Focaccia: Crafting Aromatic Herb-Infused Bread","BakingGreatBread.blog","focaccia","Imported destination; not individually verified in this release"
"https://bakinggreatbread.blog/2026/02/24/japanese-milk-bread-shokupan/","Japanese Milk Bread (Shokupan): The Softest Loaf You’ll Ever Bake","BakingGreatBread.blog","gelatinization | milk-bread | tangzhong | yeast-water","Imported destination; not individually verified in this release"
"https://www.youtube.com/watch?v=n2SZjpiGDN0","Why Is My Sourdough GUMMY? The 3 Causes (and the 2 Fixes That Solve 90%)","YouTube","gelatinization | gummy-crumb","Imported destination; not individually verified in this release"
"https://www.youtube.com/watch?v=8ZQvbdt9tYI","Why Your Sourdough Is Gummy (Stop Blaming the Water) #sourdough #breadbaking","YouTube","gelatinization | gummy-crumb","Imported destination; not individually verified in this release"
"https://www.youtube.com/watch?v=YI-mPQ3gZSY","The Science of Starch: Why Japanese Milk Bread Stays Soft for Days","YouTube","gelatinization | tangzhong | yudane","Imported destination; not individually verified in this release"
"https://bakinggreatbread.blog/2025/03/15/priscilla-jolly-chocolate-cherry-sourdough-recipe/","A Chocolate Symphony: Priscilla Jolley’s Masterful Chocolate Sourdough","BakingGreatBread.blog","gluten","Imported destination; not individually verified in this release"
"https://www.youtube.com/watch?v=BxUefmmnG50","Foolproof Sourdough in the Bosch Universal Plus | Start to Finish","YouTube","gluten","Imported destination; not individually verified in this release"
"https://www.youtube.com/watch?v=SNybYzCxa_U","Delayed Enrichment Explained | The Secret to Great Brioche","YouTube","gluten","Imported destination; not individually verified in this release"
"https://www.youtube.com/watch?v=YDeK6_esfjs","Windowpane | Crust & Crumb Word of the Day #breadbaking #artisanbread #sourdoughbread #homebaking","YouTube","gluten | windowpane-test","Imported destination; not individually verified in this release"
"https://www.youtube.com/watch?v=PpYVuuRsx5k","This is gluten! Gluten development.","YouTube","gluten","Imported destination; not individually verified in this release"
"https://bakinggreatbread.blog/2024/07/28/mastering-gluten-free-bread/","Mastering Gluten-Free Bread","BakingGreatBread.blog","gluten | rice-flour | sorghum","Imported destination; not individually verified in this release"
"https://bakinggreatbread.blog/2023/10/15/understanding-gluten-gluten-sensitivity-and-celiac-disease-a-bakers-guide/","Understanding Gluten, Gluten Sensitivity, and Celiac Disease: A Baker’s Guide","BakingGreatBread.blog","gluten","Imported destination; not individually verified in this release"
"https://bakinggreatbread.blog/2025/03/27/is-sourdough-healthier-than-regular-bread/","Is Sourdough Really Better for You? Let’s Break It Down","BakingGreatBread.blog","gluten","Imported destination; not individually verified in this release"
"https://bakinggreatbread.blog/2024/10/02/how-to-determine-the-protein-content-in-flour-for-better-baking/","🍞 How to Determine the Protein Content in Flour for Better Baking","BakingGreatBread.blog","gluten | protein-content","Imported destination; not individually verified in this release"
"https://bakinggreatbread.blog/2024/01/14/mastering-flour-varieties-unlocking-baking-perfection%f0%9f%8c%be/","Exploring the World of Flour: A Baker’s Guide 🌾","BakingGreatBread.blog","gluten | protein-content","Imported destination; not individually verified in this release"
"https://bakinggreatbread.blog/2023/11/20/homemade-hoagie-rolls-recipe/","Homemade Hoagie Rolls Recipe","BakingGreatBread.blog","hoagie-roll","Imported destination; not individually verified in this release"
"https://bakinggreatbread.blog/2023/06/25/navigating-the-sourdough-journey-hooch-hydration-and-more/","Navigating the Sourdough Journey: Hooch, Hydration and More","BakingGreatBread.blog","hooch | hydration","Imported destination; not individually verified in this release"
"https://bakinggreatbread.blog/2023/10/21/the-great-hooch-debate-2-0/","The Great Hooch Debate 2.0","BakingGreatBread.blog","hooch","Imported destination; not individually verified in this release"
"https://bakinggreatbread.blog/2023/06/21/the-great-hooch-debate/","The Great Hooch Debate:","BakingGreatBread.blog","hooch","Imported destination; not individually verified in this release"
"https://www.youtube.com/watch?v=dsEkC70NBc4","My Starter Was Drowning in Hooch. Here’s How I Brought It Back.","YouTube","hooch | rye-flour | sourdough-starter","Imported destination; not individually verified in this release"
"https://www.youtube.com/watch?v=4xe9TdV7r2I","Hooch | Crust & Crumb Word of the Day   #breadbaking #artisanbread #sourdoughbread #homebaking","YouTube","hooch","Imported destination; not individually verified in this release"
"https://recipepantry.app/recipes/sourdough-discard-biscuits","Sourdough Discard Biscuits","Recipe Pantry","hooch","Imported destination; not individually verified in this release"
"https://recipepantry.app/recipes/sourdough-starter-from-scratch","Sourdough Starter From Scratch","Recipe Pantry","hooch","Imported destination; not individually verified in this release"
"https://www.youtube.com/watch?v=4Q8TCVXWS-U","Baker’s Percentage Explained for Bread Bakers","YouTube","hydration","Imported destination; not individually verified in this release"
"https://www.youtube.com/watch?v=UmUmloSBh-g","My Bakers Kept Asking About Fresh-Milled Flour. Here's What I Built.","YouTube","hydration | whole-wheat-flour","Imported destination; not individually verified in this release"
"https://www.youtube.com/watch?v=OZxhX2-QhYY","How to Use Fresh-Milled Flour in Any Recipe (Without the Guesswork)","YouTube","hydration","Imported destination; not individually verified in this release"
"https://recipepantry.app/recipes/babka-wielkanocna-polish-easter-babka","Baba Wielkanocna — Polish Easter Cake","Recipe Pantry","hydration | sourdough-starter","Imported destination; not individually verified in this release"
"https://recipepantry.app/recipes/colomba-inspired-easter-loaf","Colomba-Inspired Easter Loaf","Recipe Pantry","hydration","Imported destination; not individually verified in this release"
"https://bakinggreatbread.blog/2024/02/15/mastering-dough-hydration-guide/","Mastering Dough Hydration","BakingGreatBread.blog","hydration","Imported destination; not individually verified in this release"
"https://bakinggreatbread.blog/2024/01/13/hydration-calculator/","Sourdough Hydration Calculator","BakingGreatBread.blog","hydration","Imported destination; not individually verified in this release"
"https://bakinggreatbread.blog/2025/11/19/sourdough-yeast-recipe-converter/","The Best Sourdough ↔ Yeast Recipe Converter for Home Bakers","BakingGreatBread.blog","hydration","Imported destination; not individually verified in this release"
"https://bakinggreatbread.blog/2025/01/29/henrys-foolproof-sourdough-loaf-2/","Henry’s Foolproof Sourdough Loaf","BakingGreatBread.blog","hydration","Imported destination; not individually verified in this release"
"https://bakinggreatbread.blog/2024/06/20/how-to-become-a-much-better-baker/","How to Become a Much Better Baker","BakingGreatBread.blog","kneading | shaping","Imported destination; not individually verified in this release"
"https://bakinggreatbread.blog/2026/09/24/fresh-milled-whole-grain-bread/","Fresh-Milled Spelt Bread: Why Fresh Flour Changes Your Dough","BakingGreatBread.blog","kochstuck | spelt-flour | whole-wheat-flour","Imported destination; not individually verified in this release"
"https://bakinggreatbread.blog/2025/11/26/black-friday-2025-my-holiday-gift-guide-for-home-bakers/","Black Friday 2025: My Holiday Gift Guide for Home Bakers","BakingGreatBread.blog","lame","Imported destination; not individually verified in this release"
"https://bakinggreatbread.blog/2022/08/29/bread-scoring-challenge/","Bread Scoring Challenge","BakingGreatBread.blog","lame | scoring","Imported destination; not individually verified in this release"
"https://www.youtube.com/watch?v=ywtopLHJwts","Why We Score: The Cut That Changed Bread Forever","YouTube","lame | scoring","Imported destination; not individually verified in this release"
"https://www.youtube.com/watch?v=0aalW1rnuc0","Bánh Mì Scoring Technique | The Right Way to Cut","YouTube","lame","Imported destination; not individually verified in this release"
"https://www.youtube.com/watch?v=cJVmEED7DCA","Vietnamese Baguette: How to Score Like a Pro","YouTube","lame | oven-spring","Imported destination; not individually verified in this release"
"https://www.youtube.com/watch?v=SPizZQ5iAwA","How to Get the Perfect Sourdough Ear Every Time | Module 2","YouTube","lame","Imported destination; not individually verified in this release"
"https://bakinggreatbread.blog/2025/09/15/the-baking-great-bread-at-home-community-cookbook/","The Baking Great Bread At Home Community Cookbook","BakingGreatBread.blog","lamination","Imported destination; not individually verified in this release"
"https://www.youtube.com/watch?v=Ehu3okPSPcc","Why Your Scones Come Out Flat and Dense (And How to Fix Them)","YouTube","lamination","Imported destination; not individually verified in this release"
"https://www.youtube.com/watch?v=HFKkCPl3nbs","The Croissant Is Not French (The Real History)","YouTube","lamination","Imported destination; not individually verified in this release"
"https://www.youtube.com/watch?v=2JMQeW_qfOM","Croissant Bread: The Grated Butter Method (Yeasted + Sourdough)","YouTube","lamination","Imported destination; not individually verified in this release"
"https://www.youtube.com/watch?v=Pa6ih-4w25g","Lamination | Crust & Crumb Word of the Day #breadbaking #artisanbread #sourdough #homebaking","YouTube","lamination","Imported destination; not individually verified in this release"
"https://recipepantry.app/recipes/bakery-style-blueberry-scones","Henry's Bakery-Style Blueberry Scones","Recipe Pantry","lamination","Imported destination; not individually verified in this release"
"https://recipepantry.app/recipes/beetroot-star-bread","Beetroot Star Bread","Recipe Pantry","lamination | tangzhong","Imported destination; not individually verified in this release"
"https://recipepantry.app/recipes/blueberry-puff-pastry-hand-pies","Blueberry Puff Pastry Hand Pies","Recipe Pantry","lamination","Imported destination; not individually verified in this release"
"https://recipepantry.app/recipes/classic-french-croissants","Classic French Croissants","Recipe Pantry","lamination","Imported destination; not individually verified in this release"
"https://www.youtube.com/watch?v=nTxWfRwevd4","Why Isn't My Starter Doubling? How to Rescue a Sourdough Starter That Won't Rise","YouTube","levain | rye-flour | sourdough-starter","Imported destination; not individually verified in this release"
"https://www.youtube.com/watch?v=FR3915Hlizw","Market Levain: How to Scale Your Starter for 12 to 24 Loaves","YouTube","levain | rye-flour","Imported destination; not individually verified in this release"
"https://www.youtube.com/watch?v=-7gMC8mdevU","Levain Explained | The Difference Between Starter and Levain #sourdough #artisanbread","YouTube","levain","Imported destination; not individually verified in this release"
"https://www.youtube.com/watch?v=KjcdKbwxZJc","Yeasted vs Poolish vs Sourdough Baguettes. Which One Should You Bake?","YouTube","levain | poolish","Imported destination; not individually verified in this release"
"https://bakinggreatbread.blog/2024/08/14/pasta-madre-challenge-elevate-your-baking/","Unlock the Secrets of Pasta Madre","BakingGreatBread.blog","lievito-madre","Imported destination; not individually verified in this release"
"https://bakinggreatbread.blog/2025/12/22/blueberry-cinnamon-rolls/","Henry’s Decadent Blueberry Cinnamon Rolls","BakingGreatBread.blog","maillard-reaction","Imported destination; not individually verified in this release"
"https://www.youtube.com/watch?v=b934zs0swbs","It's Not the Shape That Makes a Pretzel. It's the Bath.","YouTube","maillard-reaction","Imported destination; not individually verified in this release"
"https://www.youtube.com/watch?v=yxj1sTuf90g","Why Bread Turns Golden Brown (The Maillard Reaction) #sourdough #artisanbread #breadbaking  #bread","YouTube","maillard-reaction","Imported destination; not individually verified in this release"
"https://www.youtube.com/watch?v=Aiqvcpa7qP4","The Pretzel Loaf | Two Tracks. One Crust. #breadbaking #sourdough #homebaking","YouTube","maillard-reaction","Imported destination; not individually verified in this release"
"https://www.youtube.com/watch?v=64VYyy4rVso","The Pretzel Loaf: Two Tracks, One Bath, One Unforgettable Crust","YouTube","maillard-reaction | scoring","Imported destination; not individually verified in this release"
"https://recipepantry.app/recipes/classic-soft-pretzels","Classic Soft Pretzels","Recipe Pantry","maillard-reaction | scoring","Imported destination; not individually verified in this release"
"https://recipepantry.app/recipes/henrys-blueberry-cinnamon-rolls","Henry's Decadent Blueberry Cinnamon Rolls","Recipe Pantry","maillard-reaction","Imported destination; not individually verified in this release"
"https://recipepantry.app/recipes/sourdough-soft-pretzels","Sourdough Soft Pretzels","Recipe Pantry","maillard-reaction","Imported destination; not individually verified in this release"
"https://www.youtube.com/watch?v=kg2fEO4Fysc","Diastatic Malt Explained: Better Oven Spring, Deeper Crust Color, and Why Less Is More  #breadbaking","YouTube","oven-spring","Imported destination; not individually verified in this release"
"https://recipepantry.app/recipes/henrys-crusty-white-bread","Henry's Crusty White Bread","Recipe Pantry","oven-spring | stretch-and-fold","Imported destination; not individually verified in this release"
"https://recipepantry.app/recipes/henrys-market-day-white","Henry's Market Day White | Baking Great Bread at Home","Recipe Pantry","oven-spring","Imported destination; not individually verified in this release"
"https://bakinggreatbread.blog/2024/12/01/classic-christmas-panettone/","Classic Christmas Panettone","BakingGreatBread.blog","panettone","Imported destination; not individually verified in this release"
"https://bakinggreatbread.blog/2023/10/16/my-bread-journey-to-panettone-a-tale-of-triumph-and-ingenuity/","Journey to Panettone: A Tale of Triumph and Ingenuity","BakingGreatBread.blog","panettone","Imported destination; not individually verified in this release"
"https://bakinggreatbread.blog/2025/02/21/bread-proofing-poke-test/","How to Tell When Bread is Proofed","BakingGreatBread.blog","poke-test","Imported destination; not individually verified in this release"
"https://www.youtube.com/watch?v=mYf_cBsA2yg","How to Poke Test and Pre-Shape Low Hydration Dough for Easter Bunny Bread","YouTube","poke-test","Imported destination; not individually verified in this release"
"https://www.youtube.com/watch?v=a3xn89drg_w","Is Your Dough Ready? How to Tell With One Simple Test (Bulk Fermentation Poke Test)","YouTube","poke-test","Imported destination; not individually verified in this release"
"https://www.youtube.com/watch?v=aQCix1V9ddQ","Poke Test: How to Know When Your Dough Is Ready to Bake (57 chars)","YouTube","poke-test","Imported destination; not individually verified in this release"
"https://www.youtube.com/watch?v=C9KRFlGXtMo","The Poke Test: How to Know When Your Dough is Ready to Bake","YouTube","poke-test","Imported destination; not individually verified in this release"
"https://recipepantry.app/recipes/classic-yeasted-doughnuts","Classic Yeasted Doughnuts","Recipe Pantry","poke-test | rye-flour","Imported destination; not individually verified in this release"
"https://www.youtube.com/watch?v=3e_vYx0ZA6c","Poolish | Crust & Crumb Word of the Day #breadbaking #artisanbread #sourdough #baking #homebaking","YouTube","poolish","Imported destination; not individually verified in this release"
"https://www.youtube.com/watch?v=iBXM70XSs9c","Poolish: The Art of Controlled Fermentation | Module 2 | Crust & Crumb Academy","YouTube","poolish","Imported destination; not individually verified in this release"
"https://recipepantry.app/recipes/henrys-seeded-power-loaf","Henry's Seeded Power Loaf","Recipe Pantry","poolish","Imported destination; not individually verified in this release"
"https://recipepantry.app/recipes/overnight-french-bread","Overnight French Bread","Recipe Pantry","poolish | preferment","Imported destination; not individually verified in this release"
"https://recipepantry.app/recipes/poppy-seed-yeasted-loaf","Poppy Seed Yeasted Loaf","Recipe Pantry","poolish","Imported destination; not individually verified in this release"
"https://bakinggreatbread.blog/2026/02/27/what-are-pre-ferments-guide/","What Are Pre-Ferments? The 5 Methods Every Baker Should Know","BakingGreatBread.blog","preferment","Imported destination; not individually verified in this release"
"https://recipepantry.app/recipes/four-grain-soaker-pan-bread","Four Grain Soaker Pan Bread","Recipe Pantry","preferment","Imported destination; not individually verified in this release"
"https://recipepantry.app/recipes/rustic-italian-ciabatta","Rustic Italian Ciabatta","Recipe Pantry","preferment","Imported destination; not individually verified in this release"
"https://bakinggreatbread.blog/2025/02/17/flour-protein-content-guide/","Understanding Flour Protein Content for Better Baking 🍞","BakingGreatBread.blog","protein-content","Imported destination; not individually verified in this release"
"https://www.youtube.com/watch?v=y4oBUJtykzo","All-Purpose vs Bread Flour: Which One Should You Use? | Flour Deep Dive Lesson 2","YouTube","protein-content","Imported destination; not individually verified in this release"
"https://www.youtube.com/watch?v=7XW7mY8YwAs","Exploring the World of Flours: The Baker's Secret Ingredient | Breaking Bread Podcast","YouTube","protein-content | spelt-flour","Imported destination; not individually verified in this release"
"https://bakinggreatbread.blog/2024/02/02/exploring-the-world-of-flour/","Exploring the World of Flour","BakingGreatBread.blog","protein-content","Imported destination; not individually verified in this release"
"https://bakinggreatbread.blog/2024/07/09/summer-fruit-quick-bread/","Summer Fruit Quick Bread","BakingGreatBread.blog","quick-bread","Imported destination; not individually verified in this release"
"https://bakinggreatbread.blog/2025/03/15/henrys-blueberry-muffin-bread/","Henry’s Blueberry Muffin Bread","BakingGreatBread.blog","quick-bread","Imported destination; not individually verified in this release"
"https://bakinggreatbread.blog/2025/02/02/rosemary-garlic-parmesan-bread/","Rosemary Garlic and Parmesan Loaf","BakingGreatBread.blog","roasted-garlic","Imported destination; not individually verified in this release"
"https://bakinggreatbread.blog/2023/08/08/navigating-a-rye-bread/","Navigating a Rye Bread","BakingGreatBread.blog","rye-flour","Imported destination; not individually verified in this release"
"https://bakinggreatbread.blog/2026/06/01/best-selling-bread-farmers-market/","10 Best-Selling Breads at a Farmers Market (And Why They Sell)","BakingGreatBread.blog","rye-flour","Imported destination; not individually verified in this release"
"https://bakinggreatbread.blog/2025/10/07/member-spotlight-kimberly-waskos-eight-ribbon-haul-at-the-bloomsburg-fair/","Member Spotlight: Kimberly Wasko’s County Fair Triumph","BakingGreatBread.blog","rye-flour","Imported destination; not individually verified in this release"
"https://bakinggreatbread.blog/2025/09/23/pauls-yeasted-doughnuts-recipe/","“Classic Yeasted Doughnuts Recipe – Paul’s Memorial #BakeAMemory”","BakingGreatBread.blog","rye-flour","Imported destination; not individually verified in this release"
"https://www.youtube.com/watch?v=t8H5Nf8Khsg","The Only Sourdough Starter Guide You'll Ever Need (7 Days to Bread Magic)","YouTube","rye-flour | sourdough-starter","Imported destination; not individually verified in this release"
"https://recipepantry.app/recipes/danish-rye-bread","Danish Rye Bread","Recipe Pantry","rye-flour","Imported destination; not individually verified in this release"
"https://recipepantry.app/recipes/fresh-milled-rye-deli-loaf","Fresh-Milled 40% Rye Deli Loaf","Recipe Pantry","rye-flour","Imported destination; not individually verified in this release"
"https://pantry.bakinggreatbread.com/recipes/henrys-gingerbread-cutouts","Henry's Gingerbread Men","Recipe Pantry","rye-flour","Imported destination; not individually verified in this release"
"https://recipepantry.app/recipes/marble-rye-bread-sourdough","Marble Rye Bread (Sourdough)","Recipe Pantry","rye-flour","Imported destination; not individually verified in this release"
"https://bakinggreatbread.blog/2023/07/05/the-art-of-dough-scoring/","The Art of Dough Scoring:","BakingGreatBread.blog","scoring","Imported destination; not individually verified in this release"
"https://bakinggreatbread.blog/2026/07/02/from-oven-to-market-community/","The From Oven to Market Community Is Open, and This Week the Door Is Free","BakingGreatBread.blog","scoring","Imported destination; not individually verified in this release"
"https://www.youtube.com/watch?v=XSLVomQGOxQ","15 Bakers. 532 Comments. Zero Flops. | Valentine's Zebra Bread Bake-Along Highlights","YouTube","scoring","Imported destination; not individually verified in this release"
"https://bakinggreatbread.blog/2023/06/17/bread-scoring-through-the-ages-a-journey-across-cultures-and-time/","“BREAD SCORING THROUGH THE AGES: A JOURNEY ACROSS CULTURES AND TIME”","BakingGreatBread.blog","scoring","Imported destination; not individually verified in this release"
"https://bakinggreatbread.blog/2018/09/05/scoring/","Scoring","BakingGreatBread.blog","scoring","Imported destination; not individually verified in this release"
"https://bakinggreatbread.blog/2025/04/11/the-sourdough-mama-artistic-sourdough-scoring/","🌟 Member Spotlight: Katrina Niesen, “The Sourdough Mama”","BakingGreatBread.blog","scoring","Imported destination; not individually verified in this release"
"https://bakinggreatbread.blog/2025/03/29/member-spotlight-bella-artisan-bread/","Member Spotlight:","BakingGreatBread.blog","scoring","Imported destination; not individually verified in this release"
"https://bakinggreatbread.blog/2024/12/22/double-cinnamon-rolls-with-a-festive-beetroot-twist/","Double Cinnamon Rolls with a Festive Beetroot Twist","BakingGreatBread.blog","shaping","Imported destination; not individually verified in this release"
"https://bakinggreatbread.blog/2024/11/16/a-thanksgiving-lifesaver/","A Thanksgiving Lifesaver","BakingGreatBread.blog","shaping","Imported destination; not individually verified in this release"
"https://bakinggreatbread.blog/2026/09/27/fresh-milled-banana-bread/","Fresh-Milled Brown Butter Pistachio Banana Bread","BakingGreatBread.blog","soft-white-wheat","Imported destination; not individually verified in this release"
"https://bakinggreatbread.blog/2024/01/29/sourdough-discard-coffee-cake/","Sourdough Discard, Coffee Cake","BakingGreatBread.blog","sourdough-discard","Imported destination; not individually verified in this release"
"https://bakinggreatbread.blog/2022/08/06/the-sourdough-starter-guide/","The Sourdough Starter Guide","BakingGreatBread.blog","sourdough-starter","Imported destination; not individually verified in this release"
"https://bakinggreatbread.blog/2024/09/27/sourdough-starter-guide/","Sourdough Starter Guide","BakingGreatBread.blog","sourdough-starter","Imported destination; not individually verified in this release"
"https://bakinggreatbread.blog/2024/01/16/dehydrating-your-sourdough-starter/","Dehydrating Your Sourdough Starter","BakingGreatBread.blog","sourdough-starter","Imported destination; not individually verified in this release"
"https://bakinggreatbread.blog/2023/07/08/starter-guide-for-beginners%f0%9f%8d%9e/","A Sourdough Starter Guide for Beginners II 🍞","BakingGreatBread.blog","sourdough-starter","Imported destination; not individually verified in this release"
"https://bakinggreatbread.blog/2023/06/22/%f0%9f%8d%9e-sourdough-starter-guide-for-beginners-%f0%9f%8d%9e/","🍞 Sourdough Starter Guide for Beginners 🍞","BakingGreatBread.blog","sourdough-starter","Imported destination; not individually verified in this release"
"https://bakinggreatbread.blog/2023/05/27/the-ultimate-game-changer-sourdough-starter-workshop/","The Ultimate Game-Changer “Sourdough Starter Workshop”","BakingGreatBread.blog","sourdough-starter","Imported destination; not individually verified in this release"
"https://bakinggreatbread.blog/2022/08/09/revive-dead-sourdough-starter/","Is My Sourdough Starter Dead? (Spoiler: Probably Not!)","BakingGreatBread.blog","sourdough-starter","Imported destination; not individually verified in this release"
"https://bakinggreatbread.blog/2025/02/05/spelt-sourdough-bread/","Spelt Honey Sourdough 🍯🍞","BakingGreatBread.blog","spelt-flour | whole-wheat-flour","Imported destination; not individually verified in this release"
"https://recipepantry.app/recipes/buttermilk-spelt-pancakes","Buttermilk Spelt Pancakes","Recipe Pantry","spelt-flour | whole-wheat-flour","Imported destination; not individually verified in this release"
"https://recipepantry.app/recipes/spelt-khorasan-country-sourdough","Spelt-Khorasan Country Sourdough","Recipe Pantry","spelt-flour","Imported destination; not individually verified in this release"
"https://recipepantry.app/recipes/wholemeal-spelt-sandwich-loaf","Wholemeal Spelt Sandwich Loaf","Recipe Pantry","spelt-flour","Imported destination; not individually verified in this release"
"https://bakinggreatbread.blog/2025/08/07/henrys-whole-wheat-sourdough-recipe-healthy-delicious/","Henry’s Whole Wheat Sourdough Recipe – Healthy & Delicious","BakingGreatBread.blog","stretch-and-fold | whole-wheat-flour","Imported destination; not individually verified in this release"
"https://www.youtube.com/watch?v=HZ9hvC0Zud8","Kneading Techniques. The stretch and fold, and the coil fold.","YouTube","stretch-and-fold","Imported destination; not individually verified in this release"
"https://recipepantry.app/recipes/jalapeno-cheddar-sourdough","Jalapeño Cheddar Sourdough","Recipe Pantry","stretch-and-fold","Imported destination; not individually verified in this release"
"https://bakinggreatbread.blog/2026/03/28/hot-cross-buns-recipe-history/","Hot Cross Buns at Home: History, Science, and Two Recipes You’ll Actually Love","BakingGreatBread.blog","tangzhong","Imported destination; not individually verified in this release"
"https://www.youtube.com/watch?v=G2ZMTT38ooA","The Scald Explained | The Secret to Softer Multigrain Bread  #sourdough #breadbaking #baking","YouTube","tangzhong | whole-wheat-flour","Imported destination; not individually verified in this release"
"https://www.youtube.com/watch?v=hxa2xohPezM","How to Shape Japanese Milk Bread | Shaping, Pans & Scaling for Any Kitchen","YouTube","tangzhong","Imported destination; not individually verified in this release"
"https://www.youtube.com/watch?v=WqvG9loyteY","Japanese Milk Bread: The Softest Bread You'll Ever Make at Home","YouTube","tangzhong","Imported destination; not individually verified in this release"
"https://recipepantry.app/recipes/classic-white-sandwich-bread","Classic White Sandwich Bread","Recipe Pantry","tangzhong","Imported destination; not individually verified in this release"
"https://recipepantry.app/recipes/no-gap-cinnamon-swirl-bread","No-Gap Cinnamon Swirl Bread","Recipe Pantry","underproofed","Imported destination; not individually verified in this release"
"https://recipepantry.app/recipes/overnight-sourdough-english-muffins","Henry's Overnight Sourdough English Muffins","Recipe Pantry","underproofed","Imported destination; not individually verified in this release"
"https://recipepantry.app/recipes/creamy-emmer-breakfast-porridge","Creamy Emmer Breakfast Porridge","Recipe Pantry","whole-wheat-flour","Imported destination; not individually verified in this release"
"https://recipepantry.app/recipes/fresh-milled-hard-white-sandwich-bread","Fresh-Milled Sandwich Bread with Hard White Wheat","Recipe Pantry","whole-wheat-flour","Imported destination; not individually verified in this release"
"https://bakinggreatbread.blog/2023/11/15/sunflower-bloom-bread/","Sunflower Bloom Bread","BakingGreatBread.blog","whole-wheat-flour","Imported destination; not individually verified in this release"
"https://www.youtube.com/watch?v=N1yFsT_nyKg","Teaching Bakers to Think: The Art of Enriched Dough | Cinnamon Rolls Week at Crust & Crumb Academy","YouTube","windowpane-test","Imported destination; not individually verified in this release"
"https://www.youtube.com/watch?v=ysnxOf9Q08k","How to knead and bake a loaf of bread","YouTube","windowpane-test","Imported destination; not individually verified in this release"
"https://bakinggreatbread.blog/2025/03/13/the-magic-of-yeast-water/","The Magic of Yeast Water","BakingGreatBread.blog","yeast-water","Imported destination; not individually verified in this release"
"https://bakinggreatbread.blog/2023/08/20/yeast-water-magic/","Yeast Water Magic","BakingGreatBread.blog","yeast-water","Imported destination; not individually verified in this release"
"https://bakinggreatbread.blog/2018/06/27/strawberry-infused-sourdough-loaf/","Strawberry Infused Sourdough Loaf","BakingGreatBread.blog","yeast-water","Imported destination; not individually verified in this release"
"https://www.youtube.com/watch?v=DftUtt59vUI","Yeast Water Troubleshooting: How to Read What Your Starter Is Telling You | Module 5","YouTube","yeast-water","Imported destination; not individually verified in this release"
"https://www.youtube.com/watch?v=OgzDFl7YAiQ","BAKE YOUR FIRST YEAST WATER LOAF | The Yeast Water Method - Module 4","YouTube","yeast-water","Imported destination; not individually verified in this release"
"https://www.youtube.com/watch?v=ychFSh7t-sU","What is Yeast Water? The Sourdough Alternative You've Never Heard Of #shorts","YouTube","yeast-water","Imported destination; not individually verified in this release"
"https://bakinggreatbread.blog/2023/12/04/cardamom-infused-cinnamon-rolls-with-yudane-method/","Cardamom-Infused Cinnamon Rolls with Yudane Method","BakingGreatBread.blog","yudane","Imported destination; not individually verified in this release"
"https://recipepantry.app/recipes/soft-multigrain-scald-sandwich-bread","Soft Multigrain Sandwich Bread","Recipe Pantry","yudane","Imported destination; not individually verified in this release"
"https://recipepantry.app/recipes/sourdough-soft-multigrain-scald-sandwich-bread","Sourdough Soft Multigrain Sandwich Bread","Recipe Pantry","yudane","Imported destination; not individually verified in this release"
